,0,1,2,3,4
0,0.055796721536724346,0.06615774072299026,0.044166659903549656,-0.0012021012612869685,0.000296302300651812
1,0.23649535565307278,0.3727434238215016,0.3074367351217814,0.33340370396315305,0.2388678970642997
2,0.40678660622789,0.75392390300573,0.46387890769762447,0.5654355981914727,0.4169418944573695
3,0.5901684601841586,1.123866479540493,0.5940160267025573,0.9402442735557227,0.566887164948293
4,0.6949695595256234,1.2541082199742588,0.6939851325195839,1.222032413565726,0.6466529866469263
5,0.906100782336691,1.4267234788327372,0.8046372834795865,1.5021475421220054,0.766199391513806
6,1.0762524501822939,1.5308627129469,0.8807495804933038,1.8805692054584837,0.8380310292937035
7,1.2989860112736322,1.6545222564778355,0.994348409092313,2.1595923548026543,1.0072599814064531
8,1.5405538851047376,1.8479937670363809,1.111861842113291,2.4156446254217068,1.1704823645037976
9,1.6318223443310493,1.969380694486385,1.2123874968522612,2.57635349594062,1.3551454874076214
10,1.7976889509214244,2.127975499638872,1.3141239268197504,2.77714966491475,1.495306069315571
11,1.862193685828406,2.1826845915198194,1.3878150601903103,2.8383557229996583,1.5413271246750326
12,2.026107610188155,2.307418279713435,1.4891622273719318,2.945204703255992,1.61384750473058
13,2.160374769011132,2.374956525735423,1.691265273767864,3.1145107325488226,1.7450849455228683
14,2.4965373489426645,2.5864381220177903,2.1292821463596368,3.5028485960020004,1.9534534794634537
15,2.6935333551588228,2.6892344649056263,2.3844057517457298,3.8038459509692997,2.1910690825398964
16,2.8268454681201516,2.8932656339762564,2.54847352749147,4.078712715179468,2.3540650198021678
17,2.979409364631057,3.002934155928003,2.7781056864115685,4.184589231572017,2.464428128306832
18,3.077231745906135,3.061232436861867,2.8974878802481125,4.170695991035203,2.587368524960506
19,3.2286277618339336,3.1117094096143205,2.9754803268043837,4.174905117961385,2.817160020149642
20,3.2768633673744176,3.1028181802915715,3.044866124873227,4.201214197774,2.898651864324436
21,3.371515137282125,3.1686341097026953,3.166584743464171,4.2562837610340205,3.027381573536088
22,3.539073745897952,3.315561819598169,3.3169021000873466,4.348496745881437,3.2614779952398907
23,3.701029178929964,3.4140106209107173,3.4804226864019134,4.515708143450872,3.4944223712500517
24,3.73820381429275,3.4337642298598223,3.5549352881403946,4.531870061226453,3.6422316790632903
25,3.8569327439225276,3.468361093791647,3.6216695822207616,4.559692963102906,3.85543752426726
26,3.8663329499075765,3.51763134319632,3.6648393544992346,4.599475927192039,4.079336511685053
27,3.9463585012019538,3.5620283649975617,3.7545595722395646,4.678086003705018,4.220151904570423
28,4.084357693771962,3.6489119073674874,3.8835713930406466,4.749974845939086,4.373067639416326
29,4.218460947734527,3.712057729674038,3.983815503908146,4.810803686770487,4.5186752004230595
30,4.288660662934878,3.7327482409962727,4.056472380270419,4.832827300632924,4.6945150871379
31,4.322784254926415,3.7456354602131694,4.101628533772284,4.798755757610635,4.695656171066724
32,4.317331158303293,3.7599456051927276,4.129602348047301,4.800032350393555,4.760850529024152
33,4.374874150668535,3.8203111420050377,4.197119661320927,4.790680342257932,4.832974289598012
34,4.548679879406929,3.923995485923899,4.336561491010436,4.865401867732097,5.0720580152764505
35,4.685558919008236,4.048381537879023,4.499530274305641,4.9213258356829535,5.240783370207422
36,4.7903853235937115,4.1459686321508205,4.578184751915507,5.008666690703838,5.439204888758788
37,4.918482847003994,4.12492798214547,4.678661078680117,5.064652520349065,5.613790477142841
38,4.942419498325029,4.1418807243680265,4.686229607284697,5.075696407107043,5.689871122486866
39,4.941680424926109,4.13084031656919,4.724035325919559,5.085385853315939,5.8269073634318325
40,4.931580584178861,4.116810916255578,4.7188007160147345,5.070078662664618,5.827693508077362
41,4.9782776749075275,4.160261245658151,4.781253345624551,5.087296002237511,5.8894979174665165
42,5.1135119459131175,4.230980509000751,4.818746001267982,5.136977484670575,6.017333141537395
43,5.196675932302668,4.308927420665651,4.889475658835183,5.223965213520531,6.161147284111729
44,5.238673178823786,4.311430281362908,4.925450946453354,5.23234741890622,6.272068029124166
45,5.307189811736536,4.348262880915401,4.956680686040362,5.23359388255117,6.335174502249919
46,5.346174404728696,4.385119162324244,4.951145100917525,5.273407304477946,6.339810788545674
47,5.458604701624821,4.461646687422193,5.023278132095729,5.374932238302949,6.463129045975235
48,5.5997617360455045,4.540401550606758,5.1122238964328215,5.474408168535754,6.599177366436219
49,5.691899656524161,4.575758903443507,5.117907651288525,5.546719102109598,6.71994329086114
50,5.7607355953912345,4.587869462954492,5.141252505483418,5.60736632688542,6.826158303506668
51,5.788451372881017,4.590947628587865,5.140351012485236,5.621435316266181,6.8980761558328965
52,5.834399963636322,4.564254812624424,5.128856710801503,5.620033713019852,6.902430407528946
53,5.846331168324099,4.577236718961497,5.118921967914053,5.60088482571924,6.89817698603765
54,5.919341885965726,4.664313179531262,5.204778381924006,5.682760028786729,7.0154989404437025
55,6.01046937602594,4.691080061854136,5.232903646458893,5.723325308680166,7.091639882000608
56,6.066089112480851,4.749617296547306,5.291507575820484,5.7910822156702535,7.171297338856836
57,6.157383592586005,4.764739195426613,5.35014004911759,5.816558796874653,7.244595627124495
58,6.1822910923061745,4.767607054730175,5.429762053621302,5.821608582374333,7.274996557550305
59,6.164531485611634,4.7381183965635465,5.452416306429073,5.818494146269616,7.256605026373341
60,6.138259474643621,4.712886510988114,5.450856457165116,5.793687779283269,7.238616285775742
61,6.179556252275001,4.741373341283461,5.482897451768491,5.812229373350608,7.268752959931955
62,6.238433858035235,4.78578512561559,5.5609103331418295,5.822866952161829,7.357099019773095
63,6.335334906343191,4.833669610105009,5.636350365402796,5.846363036976971,7.412427762224859
64,6.352869907863162,4.834650299086491,5.661047877821514,5.8541650442373525,7.43406453232908
65,6.367735772223045,4.860777965633929,5.7104590450924535,5.871141155736268,7.543905539817147
66,6.357991937122245,4.833549100685278,5.709189056204948,5.847966193713924,7.545158575323621
67,6.44063389906871,4.848782133200221,5.7879623759484575,5.8601856835694015,7.6134768843646405
68,6.532533913136751,4.910286967461841,5.887917788894366,5.900017538579631,7.7075901007659136
69,6.5733571281062995,4.922343055452133,5.95166823507235,5.932149007520147,7.798009168629925
70,6.626945856407272,4.940907380318577,6.0291178039201565,5.9470845033751,7.853824178077408
71,6.662402148165358,4.931564822834016,6.058166363676605,5.9443820130336205,7.882161737217426
72,6.693154425055358,4.923066493925045,6.04510600830571,5.94083279367784,7.897201946848264
73,6.662534267002592,4.896958372348027,6.0425081418598445,5.920797655570579,7.915126689857064
74,6.757059490456492,4.923430224509068,6.125348797458771,5.991114631586404,8.01845699264694
75,6.829661136692392,4.949656458844806,6.169886042420951,6.049020068905246,8.113444720949005
76,6.851875019270659,4.971734506245099,6.261942027977685,6.0917528029092,8.178973740499593
77,6.881785400592533,4.983102330860541,6.293100687486957,6.13140683096043,8.212655881655524
78,6.866226294513375,4.970513777266801,6.312457102467459,6.133348717997714,8.226187565594456
79,6.854612166644866,4.972392871321449,6.355959636075058,6.1486752407533585,8.268567153167712
80,6.831945356631185,4.942331519614936,6.337396790955275,6.12524530035734,8.234402512753755
81,6.881809132159011,4.96308710074172,6.389512669752719,6.16560454640681,8.302595283341125
82,6.921467694274731,4.9923307588052355,6.449900602189391,6.183514950144202,8.334152764666188
83,6.977076975391421,5.038935789856833,6.456959377845474,6.207019750634996,8.388291160218026
84,6.988096858303805,5.045395758962678,6.480807571547539,6.214386833031267,8.401764468759295
85,7.032982629549966,5.049410885116282,6.508588235938126,6.193158962792122,8.441068676031417
86,7.000884477774785,5.026709626413862,6.5216441606138185,6.1701162858197,8.403578216683183
87,7.0948093102367595,5.038673255703944,6.563666014618173,6.211206984939017,8.436096776836706
88,7.202882659529563,5.069433457732885,6.627286576553018,6.261238175697983,8.542756405713575
89,7.264572333108759,5.085119761064578,6.680499486676991,6.30812087219314,8.606263730460265
90,7.303267255341353,5.07810476981655,6.720887892380715,6.31343516477768,8.617774227103784
91,7.350869324771595,5.083089666440797,6.71569471184549,6.3190273889528505,8.58658031191248
92,7.348793189869581,5.070865258285124,6.704532135568029,6.310619910755232,8.56218329148565
93,7.318690437831517,5.044553918685487,6.6878190384339815,6.308148675732469,8.55315631228212
94,7.413880975513818,5.066249027991276,6.745750610236442,6.355350218942703,8.601017261077425
95,7.458988690742346,5.077542760895117,6.804594534640661,6.400191119280812,8.677398424581853
96,7.47471206591372,5.101404411806806,6.82996378439269,6.42430020899441,8.715394393302201
97,7.493274350626526,5.118378324841818,6.859860995645679,6.438603466096473,8.736810062274095
98,7.4912920231966025,5.112973536057557,6.859326982691251,6.464796414695233,8.73170754653596
99,7.4768227787111545,5.103918131058044,6.863627855187965,6.46394849157584,8.717113631291749
100,7.450086408028766,5.07757594827041,6.843950151550968,6.435577973721546,8.682538831270262
101,7.472705562146205,5.090091391374416,6.8823495146314215,6.467443073121393,8.721023295446964
102,7.547652353751031,5.094980770477524,6.909110150856737,6.51664843688513,8.775856755736147
103,7.589831729972388,5.097892072703174,6.959347071074725,6.537940350536173,8.807048585669994
104,7.6071714916555475,5.090900450023236,6.977418194570507,6.555334527629567,8.80121420173848
105,7.611976064577311,5.085378665121165,6.98236014896149,6.572741604691831,8.81225101216256
106,7.5978052171614,5.07051854477629,6.960825777663317,6.572760141893916,8.791745815083912
107,7.644122800449718,5.081807271960415,7.01866839302109,6.598088926349359,8.8129331511213
108,7.6996237475060845,5.097412948122865,7.089086324839232,6.661155472780818,8.877801347805361
109,7.720135133694525,5.111565217471422,7.1289011507327364,6.67530465825211,8.926437042862656
110,7.740867150954689,5.118688697437741,7.143895911326724,6.680217266781446,8.953311587627063
111,7.7660046436486345,5.117307245758717,7.149711190040098,6.694305555327151,8.94372633967075
112,7.762997829557085,5.117767551811255,7.149989266067806,6.689828107434524,8.92525526292676
113,7.7525681331002865,5.093354232999034,7.159650419238454,6.667002510143846,8.893026216344241
114,7.8183918674938315,5.105906860685302,7.20465338247577,6.700908791557454,8.96452741563089
115,7.881791753188178,5.117541056746067,7.2694505843827075,6.733414654787905,9.029661237152975
116,7.920583133363245,5.1252790480750345,7.288509333731741,6.759246682023513,9.064544884477415
117,7.936689295312197,5.128118003627029,7.320440126336984,6.784202391217604,9.084867328058609
118,7.93908633445693,5.122646174973496,7.316278828581869,6.800766906871661,9.090814470254536
119,7.936926644112635,5.108566905682535,7.296851435748173,6.774714973077724,9.077796774739012
120,7.908444988898869,5.086696849793462,7.277608032827973,6.750538158175997,9.039061960757927
121,7.9370940680562745,5.101090419125533,7.3218970600993565,6.791556877284893,9.058317837831558
122,7.981797752852288,5.11459801905026,7.381850890452308,6.816649114692259,9.084571725800537
123,8.024491178970191,5.123484173952417,7.396253565574774,6.84794868165996,9.089052414309132
124,8.045312123158018,5.122455831162076,7.407380616112054,6.853887119397138,9.10685902416956
125,8.025508729847207,5.123370834253351,7.412048312251727,6.846301471866678,9.128730709220664
126,8.008098475096496,5.109264815400636,7.390700686275454,6.822900277544488,9.11421909132834
127,8.04393549628383,5.119057111927669,7.427738318886523,6.8473846633309305,9.14930744437569
128,8.092659883792184,5.1418388213509925,7.470699849646368,6.880194047208507,9.17813301741565
129,8.128647580003832,5.151756253859939,7.5197254291761215,6.880616305951326,9.202983308860123
130,8.151792211723164,5.1573752809250415,7.525718322263474,6.913588530237593,9.211098117145434
131,8.185925827406992,5.157678533295517,7.536884792158221,6.915615140562021,9.214438872248234
132,8.178213199616929,5.147547612370616,7.538828531004167,6.921122347051827,9.19825903166061
133,8.149063533714497,5.124650684814425,7.516439994971781,6.909810324638082,9.180476884360049
134,8.2049241645787,5.140361282587858,7.555242414656666,6.935552774233083,9.211684403812749
135,8.240940074547298,5.152734617051651,7.571590468323649,6.970730514890187,9.241680054403991
136,8.268712108328481,5.161686732525439,7.599116281191815,7.005236751857934,9.250751525608068
137,8.269222196867972,5.166486896858803,7.628823235690666,7.010625970230937,9.248990047182613
138,8.284455362848396,5.171729852999997,7.6266685406306625,7.013402822351334,9.262723147734798
139,8.270560002020309,5.149358826434046,7.625581677136627,7.008137120642889,9.22917532143835
140,8.243869778243557,5.128679925983728,7.603217073815094,6.97832186147313,9.194063249784495
141,8.270275040892406,5.1458889046076655,7.631676018630146,6.995225053558778,9.227648285466685
142,8.31048830967372,5.153311768450922,7.6711690342996715,7.017789670937341,9.251838662297999
143,8.351235952885908,5.162704935845413,7.702998924649958,7.021499625124857,9.257531642391784
144,8.331969898270321,5.156162283030127,7.730135289757348,7.031594617674896,9.258990301422864
145,8.330441363785535,5.158148534071835,7.736412185396684,7.025252011236378,9.242819816729755
146,8.299579846949793,5.138887012365086,7.727429674002958,7.008274256565038,9.224865643881607
147,8.334284955682177,5.151692908330597,7.769432976760197,7.032954809602935,9.242191208343385
148,8.374183902209062,5.166581420297841,7.822649640675883,7.075276709074916,9.266170462658655
149,8.416817351888456,5.169156841148234,7.863895313100112,7.101184257630118,9.278821538606616
150,8.430004705499949,5.172490642678688,7.914349068866437,7.115871468874448,9.288540135670104
151,8.435934014265506,5.1714603652079365,7.940624020356859,7.115750132861286,9.303272302778474
152,8.444184999573364,5.1617640731573875,7.948179711832086,7.0997417254932005,9.28278884471553
153,8.42704940173488,5.14618401391088,7.926110795804263,7.0889717775456464,9.263430488683365
154,8.455269993163224,5.162738261253543,7.955558786263227,7.117165344978168,9.290817768408944
155,8.486575990853439,5.16127721538058,7.987795143101628,7.137266786899762,9.323520017481517
156,8.512464695863443,5.172603239355302,7.999166601815812,7.139949559097667,9.341937048001938
157,8.525785099332774,5.175875734965309,8.022405761160114,7.13976658064648,9.336266232743142
158,8.522210583965778,5.166300138734957,8.033948709559045,7.147553352719047,9.330628662680727
159,8.521311549806736,5.159053096032552,8.044151608076097,7.144374068148973,9.29575468304971
160,8.492832623341533,5.139503873481518,8.022658037689633,7.122003074855035,9.260736238334685
161,8.508744725398266,5.147884627815436,8.056762194234555,7.138225298867975,9.29632403823649
162,8.520455593947176,5.14976852965944,8.076593225341249,7.141985342332727,9.31214177670626
163,8.529723201754605,5.153643295210412,8.097661840512265,7.153065608795316,9.315277072911535
164,8.533960660036383,5.148053477185873,8.11680930820846,7.153890254531367,9.317878929042449
165,8.518069244576298,5.138986269050735,8.121390145484305,7.157293215345918,9.312376101304162
166,8.499126901126248,5.124622096425107,8.107796813619418,7.133545686154398,9.301268048815642
167,8.524877013717948,5.1250334854952415,8.118059462007082,7.150875852811745,9.326896549048998
168,8.545059299908424,5.137399952056025,8.140652636705683,7.165373114834623,9.34986813711637
169,8.564557837255755,5.1458235503402285,8.158171949228855,7.189743031232965,9.375315823278083
170,8.573578087868622,5.144041413631917,8.180801867948807,7.199648579021706,9.379661136734741
171,8.567971483772906,5.139562655679385,8.17609141306581,7.20652398916653,9.37729026311268
172,8.555766864904964,5.12764092238936,8.171739966667245,7.196397763732344,9.374013564599743
173,8.540558925744428,5.109051852082544,8.150284722087912,7.1726061941815304,9.351655130026064
174,8.56827362329744,5.124231505622599,8.197285953364316,7.1965665993133685,9.368605667052947
175,8.597820806125696,5.130325775866337,8.230149281317443,7.214038609392389,9.403413071900568
176,8.61193079052533,5.136258944851218,8.249702451994287,7.214972586094983,9.407674482707835
177,8.613567468652835,5.127020755626074,8.257919919036057,7.234511630863566,9.410532302645095
178,8.615435355479292,5.12157919083979,8.256217411342716,7.234553184390853,9.410255576250831
179,8.605019651679537,5.112109733113786,8.259977982021836,7.229608878407066,9.404195991230887
180,8.5807861089796,5.094736598475915,8.237224519193367,7.207137820240559,9.372206136372858
181,8.591961363609752,5.1001954515267185,8.255054048111258,7.222125889242471,9.393452941521963
182,8.609488916374906,5.105391389646801,8.28010588618273,7.22709189843675,9.386265829696459
183,8.625786408547357,5.103760877900444,8.29843930445943,7.241113988588122,9.37547579124988
184,8.625879384684769,5.106483126447288,8.299963209698225,7.242925439603448,9.37118169174492
185,8.61482482523498,5.102532334514018,8.282663029205677,7.232809200458492,9.357035996200475
186,8.589156683108701,5.094229223162107,8.26872749612991,7.211822517965376,9.336434113470094
187,8.619476650357205,5.104281683228111,8.289438992989302,7.230036759343326,9.342994475765037
188,8.637094027891223,5.111436614450154,8.319226353072963,7.252013597978547,9.367224601129921
189,8.65877685149311,5.112434314601545,8.34008616888761,7.260902388489731,9.37147988634504
190,8.66761674220859,5.110084052005238,8.350894410358217,7.272112314150187,9.369944203674576
191,8.670913320835858,5.108222546052686,8.345290886122784,7.274580715375012,9.36038328374152
192,8.656766093789383,5.100466259148276,8.337801971595628,7.262497668096649,9.335353271373494
193,8.641148102703976,5.0883552485465176,8.326475938705247,7.241117985496862,9.31487115538177
194,8.658487182918035,5.101641886119721,8.365693260378839,7.250336425322106,9.33421231726098
195,8.667200052955128,5.098624084657958,8.394909955413015,7.258569759451507,9.341773089918487
196,8.678162859076755,5.099248876174027,8.409025843033431,7.253422824082586,9.339209987334431
197,8.68681549702395,5.102567621504919,8.42680428370819,7.24971094108739,9.341614911943052
198,8.675487869045357,5.100568113086805,8.434152693167052,7.236005384108175,9.325634653244306
199,8.658968955878853,5.093183363801845,8.43488258540433,7.225340082481451,9.299283535557397
200,8.634300650727372,5.077823664602858,8.412656141542051,7.204248996314725,9.270379923773287
201,8.64440142014531,5.085726901259414,8.417203937787795,7.216059178340061,9.282864773046436
202,8.666763271430092,5.0840033263928985,8.436318952776965,7.220200006463931,9.296848874216588
203,8.676149870095754,5.0793392156317605,8.45764579577489,7.2326321449115465,9.31229283642215
204,8.672850668007872,5.075490238193487,8.461529816605562,7.232890844394286,9.3077962818819
205,8.675693043092686,5.069219199489472,8.457518070548378,7.229682374632704,9.291588057457698
206,8.649502440951354,5.054849685884996,8.445745278366816,7.208342505603418,9.264990631792342
207,8.664368627465617,5.051449515220065,8.452085220330217,7.221931298084018,9.279001616538714
208,8.669745708304248,5.053406603850203,8.46505115764611,7.231235635874527,9.28926063644059
209,8.67587750261007,5.0572586600835825,8.489554578275648,7.236480753101127,9.290240681041384
210,8.69347851107518,5.0586035230133755,8.498440476591123,7.243474174288371,9.288693458431242
211,8.684434759352886,5.05419955648901,8.503823026043413,7.234698794835447,9.288764515383598
212,8.67699090766844,5.045649911885041,8.495108304576917,7.226034163126287,9.27992243170598
213,8.661783928969587,5.030025609905218,8.481993968187757,7.205239351030047,9.260784985860308
214,8.67457756024147,5.032862586602031,8.50091086384752,7.21490920012312,9.268283275860684
215,8.690251685548423,5.032201605789458,8.515750031449778,7.224218449341477,9.275003955399974
216,8.690831801098831,5.030355752071494,8.539564508122828,7.235649939403516,9.269730740296131
217,8.68216738940613,5.027472964095389,8.54636394725058,7.230599460831214,9.275194703026663
218,8.678069959174953,5.020814883419022,8.5393581958999,7.232861839099087,9.261728994929015
219,8.667504659382958,5.006832924537194,8.524404526381675,7.214831275682019,9.236962038127276
220,8.644520539740634,4.991770010415385,8.502189312867142,7.194816240519394,9.209956291942033
221,8.657207527212911,4.991921371736173,8.508630932007016,7.207456371111956,9.219988224754458
222,8.664752733484844,4.991551490011103,8.530270316894937,7.215668207237173,9.219106710361457
223,8.671266866622336,4.99069917601193,8.532026981292203,7.21760734496541,9.223049024766322
224,8.663836655666849,4.986349542039449,8.541902842739718,7.21258675189227,9.229984828644758
225,8.656262329327845,4.977839746807829,8.53715514474394,7.2110024154839385,9.228691116008456
226,8.631779619487762,4.966076076092563,8.521864287032562,7.19646735036684,9.216443185115866
227,8.645100943295192,4.968447673451338,8.53544759555255,7.1986054266352735,9.225406918486872
228,8.652064965285826,4.9734409533111466,8.544984268871396,7.206354864744854,9.23357988408161
229,8.663020504462837,4.968606815577865,8.54708352785265,7.206500869052915,9.238139859539338
230,8.659149882694436,4.964893478923445,8.560618643822313,7.216112566933445,9.229097587626383
231,8.647790273160302,4.961808904821706,8.560654757058721,7.207498935623555,9.223181252795495
232,8.634212428141419,4.953219841188688,8.548914170137033,7.196029321460719,9.207542205058447
233,8.618674526492113,4.938599623981448,8.53656553679521,7.177359520612193,9.18406871774378
234,8.633938997918705,4.944368180061658,8.553490215668647,7.182301433576681,9.19141004255387
235,8.653286463052964,4.947795625139594,8.56246112478213,7.192473877574349,9.19889923299324
236,8.644113953208436,4.943038457629515,8.568415703789913,7.194516800864984,9.19436566116621
237,8.643574056048257,4.938210183511212,8.574607305522385,7.192056632659609,9.19847365914224
238,8.639554874447276,4.933465924486672,8.577902557412608,7.187230816992837,9.184466392618138
239,8.624235419327293,4.922977062792174,8.570455039607857,7.170690057134495,9.16563493420229
240,8.601329121025461,4.91040339367745,8.5495730368091,7.1520215139163925,9.14228732857118
241,8.610917937513017,4.918257566175273,8.558384905958993,7.151901261970364,9.149180390963968
242,8.618300938172773,4.91845653655989,8.56977212817081,7.15443035218711,9.15096900635842
243,8.630984141111062,4.917417348985587,8.574947200347617,7.160281152279479,9.145265080981849
244,8.622871384630848,4.911423631642214,8.572950077101245,7.152945774765816,9.131639909837283
245,8.60773772521111,4.902742306239345,8.569827880928027,7.14247264776507,9.126991061174008
246,8.596090962928113,4.892318496760171,8.555683002674487,7.128056099370622,9.115241740201352
247,8.612508474102036,4.890101443187434,8.563818119212945,7.1335084516818705,9.127069485781124
248,8.627617449724003,4.887349284904499,8.568693520558954,7.13160718982521,9.130033336985242
249,8.633872394645344,4.884156347209644,8.581259642534823,7.132642959215014,9.138502981614797
250,8.63373449884413,4.8793685212495355,8.598318445409559,7.1306953364054175,9.129119181974007
251,8.62310157659423,4.875419837165087,8.593620555373718,7.124103111274431,9.12845593560113
252,8.614276231289308,4.867422104163921,8.579341340266254,7.1118490124944564,9.118653039451585
253,8.59293897027688,4.856439018072932,8.565925019814975,7.093956918429103,9.095106258910393
254,8.602769742835877,4.859312315772975,8.582477013779604,7.0961830150601894,9.10180792733446
255,8.617759123970071,4.864012529232335,8.58928238204238,7.102140888435447,9.105512409723588
256,8.621296746804195,4.864273502486822,8.5946943367622,7.101227818801886,9.097550617753418
257,8.619280863918487,4.859716281702583,8.598884546846586,7.09587674756868,9.08545400907623
258,8.608807469610232,4.8492192856227145,8.59429724947661,7.0940620263630025,9.071560470844528
259,8.594355864512295,4.840580407565798,8.584812574080859,7.082356004897059,9.056298117894896
260,8.573495016692107,4.82825804435218,8.564142024841612,7.065014632152045,9.035136136163418
261,8.586219409452356,4.832025303647143,8.572121303064764,7.069687697382193,9.040867735435407
262,8.590928594245037,4.830709587456388,8.575114532646722,7.076392148859289,9.045977392072881
263,8.594202056215366,4.831130200466305,8.571419231063176,7.077863630226467,9.048674958330196
264,8.587817278574091,4.82786883335759,8.57212058021659,7.073030942768629,9.044012240450957
265,8.574942684752077,4.816922190535338,8.565740197205193,7.060387588467437,9.039377274106444
266,8.563630199376837,4.805629262830842,8.550615177394038,7.0460155254133605,9.02245324816096
267,8.573114940685764,4.804692390558436,8.556371892291496,7.045784185232677,9.02751465856995
268,8.584336755275737,4.805955731644311,8.557346642425893,7.053128501728892,9.033960672665577
269,8.588318230878256,4.806642248399232,8.573229139484512,7.050992455877338,9.038070466240221
270,8.581540083098503,4.807861609450421,8.577857592295912,7.046622734102447,9.040270537085934
271,8.582275972135013,4.801487988069949,8.57358017543762,7.043800305182637,9.04488169987602
272,8.570371781472405,4.795532290048929,8.568139863148739,7.028294136099753,9.032720032753158
273,8.549966738032458,4.78505392411661,8.55569874533678,7.015329340404278,9.010861336459167
274,8.555568705633753,4.785621684036329,8.569617504317362,7.016698517280507,9.011704720906778
275,8.572776723957533,4.784515421736942,8.577354266923965,7.023273953094441,9.01283477044036
276,8.571760017741843,4.784525889784567,8.579413034177934,7.028173428042252,9.002448973507633
277,8.56346347325249,4.779009189533821,8.580308158738724,7.0210906908069335,9.000083950598253
278,8.557051701603212,4.772535458645239,8.576393004313914,7.011820110274029,8.990801412157003
279,8.544425346007724,4.7629044883831435,8.564508788868334,6.996825705120559,8.97595474147738
280,8.525394258267815,4.75162092681427,8.545785886292713,6.980892412354668,8.954244509301544
281,8.526471782685672,4.751422612549779,8.55608272987671,6.987669096673779,8.965193281980543
282,8.526840461087888,4.755785492592252,8.557355157876783,6.9862172866798415,8.966664218677161
283,8.52599123655417,4.750138322633604,8.554557152370162,6.987973538434651,8.959635209739846
284,8.516346706025411,4.7460101946451365,8.548875525343785,6.980086515160312,8.948444013023574
285,8.508635814998145,4.737807356021117,8.539541733539481,6.9783599890589585,8.943122970813699
286,8.492644382916227,4.730046152370404,8.521871975260307,6.964550540428203,8.928923663163841
287,8.498424443232718,4.7297265667382105,8.526274324984007,6.966306709307513,8.932515630240738
288,8.49945157355629,4.72996295064183,8.529003976538151,6.971024359034849,8.931666112015042
289,8.49383365510016,4.730121652328534,8.542539508968648,6.968134336846462,8.931946509737044
290,8.491418776316314,4.728589784755535,8.55101244375946,6.964955033420396,8.931292824688699
291,8.477929124837328,4.723253435612517,8.554816105931849,6.956605983881505,8.930256634059903
292,8.470909770575867,4.717127350857867,8.543836387262555,6.944094091561452,8.915423026366094
293,8.454898852245922,4.7069624539977,8.530774315082033,6.928852955509745,8.895976279104056
294,8.459759969652008,4.705515350357867,8.533390699601828,6.930649850162152,8.89916753504129
295,8.46832796313013,4.710165720062053,8.53401410062828,6.932962223914814,8.90912395167446
296,8.470056979425928,4.708732655434495,8.53431185253297,6.928221360901842,8.898650534535172
297,8.465379463135246,4.704967182279566,8.525325115209755,6.925455240311085,8.896501567662346
298,8.460442697394067,4.695816252266392,8.520210600332906,6.918817110492553,8.890609557562192
299,8.446738573264332,4.688260076067058,8.50860736648792,6.910101202175192,8.881917795596872
300,8.429030325397704,4.678219587670018,8.490969814662447,6.895744833796786,8.862262753053205
301,8.431494549463276,4.678623767524139,8.496118709617006,6.898908883961733,8.864475437653965
302,8.42900806028369,4.675736620771962,8.494140392156574,6.901668777592795,8.85801355979359
303,8.427759034184104,4.673622746955257,8.494361379126255,6.906377393203002,8.854188171945486
304,8.420338475818998,4.66884826757431,8.487547474328673,6.902155467950379,8.84437117770427
305,8.409576370818455,4.66311230948436,8.48842654668197,6.895087309965537,8.834774628704448
306,8.394391516350469,4.654361935870685,8.472197060121337,6.882160670057527,8.817319822034255
307,8.400957633701086,4.651742259172244,8.47944115700397,6.884834362382845,8.820693812111223
308,8.4065833524845,4.649341622938164,8.483852388391403,6.889369213701898,8.821506407394347
309,8.406269977747312,4.645703490997328,8.488073332941264,6.889820283900924,8.823768599985657
310,8.410506373832838,4.639774704124535,8.489114193498828,6.889747279028454,8.822251419600423
311,8.400317832547502,4.635278887718936,8.491695233128793,6.8830636093341875,8.821887579662803
312,8.38856647074111,4.630747867697155,8.482800107260735,6.8747647773409595,8.811404854614246
313,8.373726486418644,4.620612818909988,8.46543904062983,6.862873798715529,8.79618030516367
314,8.379047765125975,4.621069080579188,8.476353204986008,6.865448670845283,8.79203250199275
315,8.39177282898883,4.619481433411665,8.47882301974231,6.866416062324004,8.786456538149967
316,8.391559651993358,4.6176145715830925,8.478664469352461,6.862958768608681,8.785797712973674
317,8.385126804776084,4.615520586602258,8.478202416035327,6.857687246122567,8.784038759428613
318,8.375463168619342,4.6108115903449605,8.469955438018696,6.850282852647654,8.767302567940382
319,8.36044368351992,4.603301556670657,8.458124974523445,6.83966917145589,8.75303533172632
320,8.343902026373648,4.593476667345289,8.441228554662002,6.825715613853503,8.734821298628772
321,8.343450625535693,4.592771365897164,8.44618185550187,6.831697390515702,8.731385828490204
322,8.344474127012635,4.589175824421418,8.455943803977123,6.836054378406988,8.727103857160323
323,8.34027440917107,4.586022947313822,8.458824667662984,6.832398786569278,8.72139309564841
324,8.336000937109725,4.583330091215942,8.4566189377177,6.823986581476379,8.711097075277237
325,8.330509748682724,4.576882284017993,8.447696403967432,6.819791224084486,8.70348156897067
326,8.316182059448758,4.569135550018033,8.430792430493918,6.805618079440754,8.688672627041145
327,8.320782465731103,4.566771255330734,8.43203604209667,6.80540666102031,8.689990383687787
328,8.325509512674017,4.562865483197269,8.428745252398286,6.805437011549664,8.684667660637974
329,8.326683527466933,4.558231007565647,8.427185493273202,6.804943004098836,8.676022237314028
330,8.32389581914691,4.556844603574996,8.429745946811149,6.80252060778063,8.674576073072108
331,8.31544381217494,4.552415093925115,8.430803406733684,6.792011157338186,8.669925108992912
332,8.304982897499116,4.545613830917923,8.422841737489083,6.784669144770629,8.66156375589469
333,8.29077090850218,4.5372023776327435,8.406863111239659,6.773054899909414,8.64590550136427
334,8.296652294909787,4.535942823581453,8.409616019581263,6.7732967466392555,8.645114366225583
335,8.30194366913622,4.53505211395097,8.413945289499246,6.774577907370004,8.650438401402308
336,8.301626438724181,4.530015330072875,8.409455481030768,6.7759263820980005,8.644954776983516
337,8.296715900581168,4.52719868391056,8.408274207223407,6.772170856350493,8.640559400270195
338,8.288161982119869,4.521311539825767,8.402475110732299,6.761947207524314,8.63411188871315
339,8.278789846952995,4.516073464925019,8.39038898708714,6.752782033606512,8.623131456622287
340,8.262851773131306,4.506770666031236,8.374564289111161,6.740295355098821,8.606383525838414
341,8.265949889558161,4.507228769924264,8.374681614920133,6.743289662033669,8.60944528250294
342,8.263529665713955,4.505432365942558,8.379883992855584,6.73791435334547,8.606739806945646
343,8.267015302733922,4.500578344097647,8.376552974411375,6.732194671630114,8.593936152233038
344,8.261719144822482,4.495130107323887,8.374834008067737,6.726052081975112,8.586606149218522
345,8.256104218970426,4.489842060589527,8.370178448355553,6.716779517337497,8.57965711158214
346,8.243611832005447,4.481403395738181,8.356414681430984,6.7048708796417875,8.564142162752837
347,8.242705533021066,4.478750214578505,8.360725905817318,6.703827422518885,8.564287614890953
348,8.24906633240468,4.475464820046912,8.36627811863708,6.702143569839791,8.560511224482363
349,8.243464498728823,4.473005993547098,8.369555357623154,6.7004203877278785,8.56284893404497
350,8.236718083624956,4.469809553397767,8.37053888211635,6.6989955870755225,8.558156386980011
351,8.230892433327872,4.463980257782517,8.373720143746429,6.693733783290032,8.55718942553115
352,8.221129077026687,4.458940461592639,8.365075530833012,6.685719293462001,8.544224010672075
353,8.206168636290755,4.4507187461836395,8.349404115607689,6.673487341442051,8.528773307592552
354,8.20767618939444,4.449619337368627,8.355642869659075,6.671072208479673,8.52728873283144
355,8.209355196300665,4.446929197938379,8.35492721515992,6.670667746127948,8.527397451753025
356,8.204464195121194,4.443768445018086,8.354034406726223,6.668873093089083,8.519481496166597
357,8.201600090115084,4.441409100043056,8.351453429417832,6.664981085664089,8.513984061131985
358,8.19269608107155,4.435222945390608,8.342769650647394,6.6549290547806565,8.501346825775624
359,8.181727506075177,4.4288850941911875,8.330488781266903,6.646598354888061,8.488082457417693
360,8.167858748803674,4.420280972454456,8.315290226400228,6.634714773491835,8.472078954580557
361,8.171193899537197,4.418564078522805,8.312679827981471,6.63380974061824,8.46845388923298
362,8.16835185381853,4.414556263585048,8.318707134826743,6.629126501312251,8.463631873035371
363,8.163616149293007,4.410581698755806,8.312749862735153,6.62661410035922,8.451673620786947
364,8.157110681519983,4.405612322061685,8.30482051923621,6.622082377027267,8.44251693855263
365,8.152439925990041,4.400058458585645,8.295314780934278,6.6179410582652825,8.435096458133513
366,8.139514748533568,4.392995616167835,8.283011498070534,6.606858043963697,8.421320934717949
367,8.139362548205673,4.392166788114966,8.286026287508385,6.611985750443677,8.423285600344213
368,8.135005209122252,4.389959490663232,8.282475650552776,6.6084914319588215,8.415880149002573
369,8.129569170116717,4.384604204148183,8.290048837410655,6.608946611030514,8.414895031716583
370,8.124109357936373,4.3807958602512915,8.293541140915755,6.612473639044807,8.409869271546848
371,8.117994774147448,4.376845269748567,8.297389525426565,6.605812740704215,8.411984053417736
372,8.107106299482453,4.372575781993005,8.287116608141366,6.603094328339604,8.400570606517427
373,8.093104294715278,4.365035699873139,8.274528563157967,6.592028930392491,8.386096458302788
374,8.09107231797047,4.362860159578499,8.276284710078007,6.595993828324474,8.382418095864399
375,8.091895584947082,4.358712893283164,8.279258182907283,6.597419812783713,8.382277641593166
376,8.093649982467651,4.353240626786275,8.273345676009978,6.595188931103632,8.378923778650604
377,8.089841174252323,4.348311321561021,8.27135020967757,6.596921826019178,8.378512386825726
378,8.08651104960921,4.342994810445193,8.263752768721833,6.587573249892552,8.370751362438092
379,8.079949309507512,4.337590471432832,8.25373392431264,6.579381816600033,8.360980925483647
380,8.065930174164569,4.32956760683716,8.239097732861167,6.5689161692954405,8.345673455320348
381,8.070684257854102,4.327982705017448,8.24030889195879,6.578132427536017,8.342434848546812
382,8.071039964337661,4.325413496822451,8.233377441517932,6.573639923910917,8.335255253479826
383,8.069134865088829,4.321357958010949,8.22762696411442,6.575131562513108,8.325646163511726
384,8.059266541244588,4.31781359778533,8.221845234111964,6.569849545017039,8.317668305974872
385,8.053072663121691,4.311873770011211,8.213469529021655,6.562756164394689,8.307738463853296
386,8.039639883461522,4.304850605785821,8.202362490287546,6.552467913761118,8.294826120960385
387,8.039240305118648,4.301529575667615,8.198239011574454,6.553541883065399,8.297169674494041
388,8.037110259151103,4.298765654979482,8.194506237492531,6.555594400320704,8.295683071498805
389,8.034281125607734,4.294700945197852,8.197056208343211,6.552635222615933,8.29426198744138
390,8.027854288418734,4.290755636070679,8.190055669045227,6.548554335625413,8.28800031325309
391,8.021575453695274,4.285727604661171,8.190864426167254,6.542062957098058,8.28852789840309
392,8.009940162609372,4.281294805114791,8.180916580530234,6.538044926696214,8.280492620148665
393,7.996566070223722,4.27374435548396,8.166786513290132,6.52802396283894,8.267178012437286
394,7.999099340213783,4.270872416300296,8.169232580625078,6.53147122702423,8.266778275641935
395,7.999805889754207,4.267770864406423,8.17173763670818,6.537122282426763,8.262002228622851
396,7.995401762830839,4.262320772873492,8.169369341979701,6.533442155403326,8.253957462997155
397,7.9915666279497275,4.258221802641428,8.16882899455861,6.533294181934729,8.247509217332627
398,7.984914578590979,4.252534702816311,8.16177648097986,6.526067076241511,8.237662234621613
399,7.973606654086976,4.246213142491462,8.154204906623052,6.519554570887183,8.227657158113228
400,7.960307499246734,4.2385370496395165,8.14054165141022,6.509230145366057,8.213412387182617
401,7.9587568412348455,4.235343598577204,8.141036624111255,6.512487355008411,8.213240339982034
402,7.955709623616177,4.230746916713792,8.143391437024233,6.514181547542757,8.209271442154915
403,7.952807106908854,4.227944375800041,8.139559935751347,6.51318308261866,8.200341659423117
404,7.94579621760162,4.224648559836321,8.13371039157099,6.507632516552937,8.190305482748542
405,7.939443937977041,4.218668167650192,8.124091108599986,6.502627290125183,8.181436372734902
406,7.9265213520824265,4.211636532531263,8.11297492676039,6.492542786011357,8.168690954160867
407,7.931768410280492,4.209071178825885,8.109466635998828,6.491413892460084,8.173711372398113
408,7.927852793412656,4.2061352175494955,8.108308743626246,6.488578810620305,8.166327374732912
409,7.924418906804662,4.202180275224101,8.107556837967051,6.486621779291785,8.164183101866637
410,7.922199042955258,4.19933182252826,8.105176579035367,6.48521246915733,8.161212137540293
411,7.916742887976644,4.194828818260482,8.1022955826256,6.481582354725494,8.157780947526653
412,7.907586136142065,4.19060704225301,8.092392994142152,6.478026259006129,8.149330118829237
413,7.894086347038025,4.183272797732238,8.080826437330083,6.468613009268805,8.13669541147158
414,7.8943936761552225,4.179154301353836,8.08108788814279,6.470975467776043,8.136680036496472
415,7.892695990393787,4.176132513159861,8.083437959959353,6.470933051726801,8.13364238066261
416,7.890561871470878,4.171657334811119,8.081868294550622,6.467367088010495,8.128083526512496
417,7.8895167803250725,4.16770793201776,8.075279447011432,6.467190124649461,8.121004011080487
418,7.882998717868947,4.1622698268502,8.068061443940044,6.459682218323632,8.113109123378397
419,7.872841067364956,4.156555433804087,8.058222149995983,6.452979012909069,8.103006136229018
420,7.860417653772255,4.1494072469445324,8.045500232314044,6.443472386688324,8.090167250796119
421,7.858716978519708,4.145961412958789,8.041411298530994,6.447238326975157,8.087860908636022
422,7.859427599533658,4.142582002332407,8.038193980658976,6.447648835889119,8.083005045889506
423,7.856739487657946,4.138375988917689,8.02883215594025,6.443652830327479,8.076503141376307
424,7.852412503605827,4.135782697608416,8.021598872139133,6.437641050260892,8.069175044146553
425,7.8441690717273875,4.130259471063913,8.017138452512286,6.43269661115109,8.062601848585505
426,7.832988583198167,4.123284527242985,8.006143787222713,6.423857655890205,8.05170574608933
427,7.829492014640762,4.119009453488013,8.001001106251534,6.423465589382585,8.052003029678316
428,7.823783938996534,4.1150335071617175,7.995674648612249,6.421051515266289,8.051463563677983
429,7.816500299503717,4.109383123830481,7.995773234751587,6.419484472003375,8.049860191430536
430,7.807623650671473,4.10611689549087,7.993181203790512,6.417768523118454,8.046612183861548
431,7.802672524975468,4.101883638600011,7.9929310027101605,6.412708237397633,8.044912970479086
432,7.795877574905927,4.098463141369477,7.98477781664602,6.407482083008731,8.037956536734074
433,7.783346878009438,4.0917872971817655,7.972641822101597,6.399140808704479,8.025582403643712
434,7.78212943596617,4.086098196425123,7.969992450114609,6.4000874824456595,8.028780771865367
435,7.780156324107485,4.083577896195936,7.968557098758851,6.4005516667857885,8.028612181101234
436,7.77472474181721,4.0786163104637225,7.960614659505612,6.398424051281193,8.023558001462634
437,7.76956805122242,4.074540964557067,7.952323843341984,6.395472938734508,8.020384863748687
438,7.7654184527042,4.069629747733108,7.946697314255837,6.388264260905585,8.013599145153675
439,7.757354490467502,4.064022930823396,7.937451780518679,6.381148575407822,8.005984509003211
440,7.745210385332998,4.057412910709162,7.925362877379641,6.372334053409161,7.994307169795457
441,7.742418257660206,4.054675265575885,7.922656649725675,6.37710425399436,7.989554395983985
442,7.74012624805444,4.050420658410464,7.922187722918511,6.3735517275871185,7.986993545258628
443,7.735418500996128,4.045449468497604,7.915071619153664,6.370146111535458,7.979228053603543
444,7.725515919929656,4.040404909055633,7.908575825789172,6.366023354221028,7.974854764179789
445,7.719404242933046,4.034726622164021,7.901228128353722,6.359588359229584,7.967804106248061
446,7.707778674501292,4.028707864822797,7.889713087697151,6.350671690450457,7.957402026029571
447,7.707599482259739,4.025231913013201,7.88898215118394,6.351191256969719,7.954936673208387
448,7.699181420341573,4.021343705662235,7.881996369259214,6.3493151467062,7.9492332147266715
449,7.694691073693294,4.015853566537857,7.880723996128018,6.347125912790675,7.946037276280543
450,7.689532871600673,4.012263783924843,7.874174989273462,6.344855534546954,7.942686160286706
451,7.685016531337746,4.007457543883381,7.871519352009164,6.338781098176507,7.942502427417184
452,7.677439911999264,4.003575702587485,7.863296075346368,6.333784112517097,7.93585257867723
453,7.66585059008477,3.9975461911347034,7.851868767560234,6.325697240868131,7.9243553820250625
454,7.662584471010262,3.9937961390251946,7.846775269244755,6.327361167079986,7.919219117682361
455,7.658787338182321,3.991047329640073,7.844670521781981,6.325793707817905,7.91718226990132
456,7.656533781477502,3.9875512615558666,7.8409308028664855,6.319921317447103,7.9108014951923815
457,7.653561287945686,3.984339723595556,7.839267257871376,6.31837157558334,7.906961831559321
458,7.648849484003769,3.979652574124995,7.8347847884168615,6.312377669107099,7.899812823460771
459,7.643548935685371,3.973626825413907,7.826294499377492,6.305352379089679,7.890247379173507
460,7.63253164645346,3.9671814788621096,7.814350672719654,6.296888546091363,7.879373709548965
461,7.632281071487118,3.964132938982838,7.80985647603915,6.301361789092747,7.876409044488954
462,7.628793825812513,3.9611023740737545,7.811612984708582,6.2997630394601325,7.872709869015051
463,7.625101507375907,3.9578329117390347,7.806710092375319,6.298164430896959,7.868027042490982
464,7.616279477129035,3.954548876008642,7.801456260897787,6.294588135572498,7.859503098841816
465,7.613142707528536,3.949607328603406,7.7941358117440425,6.290660100234137,7.852814182434133
466,7.603389836712339,3.9435283760359683,7.783333826592846,6.282638847357895,7.842277410144546
467,7.600804120026371,3.939080042318311,7.7803106462190375,6.280659830275579,7.841365794515798
468,7.597303475103615,3.934960484351593,7.7735931098567095,6.278748270712986,7.838557943405793
469,7.592681173162341,3.932097319428867,7.765967531662569,6.273212622190706,7.830768643066346
470,7.588066863254536,3.929163482354,7.7612258274216455,6.269700363483379,7.824361243769373
471,7.580488008057127,3.9242616840339,7.75993573911545,6.264007906735448,7.823145754980632
472,7.573480724189044,3.920690453547463,7.7526017331180395,6.260442112999793,7.816472992784528
473,7.56258514377212,3.914476092231393,7.741247690420828,6.252652773649248,7.806453215690708
474,7.558331520411709,3.9109861806917894,7.734562832693468,6.254075155642599,7.802088235314427
475,7.5593407497757585,3.9086829323762275,7.7317229415964075,6.254914786573437,7.796665566634108
476,7.552228695476282,3.90461931829428,7.726805046895735,6.250897759828029,7.789292560752124
477,7.547624357434174,3.9007621323206485,7.7242174006712006,6.2479679961315595,7.78545294498884
478,7.5401680673189215,3.8959239541198243,7.717299594584272,6.240985233729501,7.778529603760017
479,7.532633853633712,3.891092128467931,7.708120093598164,6.236025286041365,7.7713850359652215
480,7.52230796817308,3.885069654109701,7.696995930862132,6.2275461553350615,7.761037795331942
481,7.521158179552504,3.881533475925572,7.69433627436773,6.226088517808516,7.762069532795428
482,7.5185419096859665,3.8768694973673363,7.6921631918801285,6.2224994330894905,7.75682826427924
483,7.516353251679305,3.872806058635075,7.689033181475327,6.218671960868058,7.748365522453332
484,7.5098160445838005,3.8688620977873778,7.684620438606548,6.214169002681889,7.74125001261084
485,7.505251131181042,3.8641079572440096,7.676639232247877,6.209911005579762,7.73595226135623
486,7.495349260443496,3.8586044187332353,7.667374234696091,6.201924003033636,7.726293210990746
487,7.4940781159046574,3.854038097140179,7.66465869168091,6.200871228174384,7.7212287109692115
488,7.489256032970009,3.8509674032838817,7.660602780142782,6.198765907525042,7.716257766464997
489,7.488461637883456,3.8453474132980325,7.656620286479234,6.19537137998495,7.715470750359698
490,7.479925587637153,3.8405528495233656,7.650955286281121,6.192987566439022,7.708783206841872
491,7.474662889212234,3.837307456542745,7.646533329834497,6.187560985958335,7.704924135708754
492,7.4655851689888895,3.833571439116426,7.639349503853796,6.181918261142981,7.697812459675184
493,7.454724649363731,3.827665519260085,7.629144194286387,6.173857920598166,7.687563491650883
494,7.45155120042509,3.823962720167176,7.625308137978764,6.1740645524962225,7.682437684434376
495,7.44807737737161,3.8199461884745625,7.626042168760035,6.17147705349317,7.680620933422935
496,7.444013253034089,3.81528034786098,7.617912500534453,6.166851867230996,7.673599334093775
497,7.440126591988737,3.8123741994832856,7.615596412707186,6.163737504945901,7.6683569658527215
498,7.434768261889384,3.8075013757974445,7.607399896839562,6.15858817504496,7.661137419570104
499,7.428240809897298,3.8024561962872125,7.599868423663225,6.153173811361667,7.652436860898565
500,7.418107661967885,3.797078126787855,7.5891532692601835,6.145466542483689,7.642698105778066
501,7.41550224656739,3.7929350324222577,7.584218862401059,6.143875261273421,7.6415974402363895
502,7.4119651868916385,3.7890055826155837,7.579882943564159,6.142794712984905,7.6368623211286835
503,7.4052620088776395,3.7851897049071015,7.573976517676659,6.1366965361881425,7.6308294774932275
504,7.397625543433825,3.781581016900717,7.568175712412545,6.1323317127551595,7.622760856458685
505,7.3917204573587405,3.7768720240031413,7.563475190038376,6.129406590390758,7.618237534171712
506,7.382636131282842,3.7715591798004557,7.5539757680864446,6.122222150285814,7.609064390609694
507,7.379350168121663,3.7687815366648945,7.552313512920309,6.119441086034825,7.606701649048645
508,7.375174803578721,3.7636661613873748,7.548555909377811,6.11667789190878,7.60462626793911
509,7.367149384749199,3.759379672452225,7.54472315454041,6.113314721905723,7.598000216006725
510,7.361496072591983,3.755729571990786,7.5407234165219394,6.111739411889226,7.591055377456436
511,7.356663916854403,3.751750027636839,7.5381430539781205,6.107271359914437,7.586028686364592
512,7.348660120559408,3.747859859747685,7.5319190526562485,6.101183452376271,7.579424319734586
513,7.338579635592237,3.7423485563681806,7.521621605791981,6.09406423950949,7.569724935134971
514,7.337239246971455,3.738868644546486,7.5198961481876605,6.0904904486781675,7.565522740564712
515,7.336943911666603,3.734665303959693,7.519293248136233,6.086795875066441,7.562752033225911
516,7.333681963334885,3.730477175818397,7.513932121933456,6.082604847818535,7.555837966429434
517,7.330904215246215,3.726245091351053,7.509367189580752,6.077668952949236,7.55125659399443
518,7.327589897894421,3.7220023229705657,7.50261950227396,6.070433379383913,7.544819878570613
519,7.323469004644896,3.7177891383544797,7.494914840992029,6.066017532861639,7.5397798182763625
520,7.314582158782533,3.712637435403688,7.485083838524779,6.058453922026855,7.5304778811993245
521,7.313296765736525,3.709505245505505,7.479910432351967,6.057875459429501,7.528720305311067
522,7.306427760787965,3.7061345514896815,7.476187005068405,6.054271511482391,7.523273918314543
523,7.299167061402666,3.7030809337031982,7.47212029968285,6.048605322140742,7.515973739261194
524,7.291548312685991,3.700084541373966,7.465895192335646,6.043369927573486,7.507684056576785
525,7.286117608956116,3.695942492571181,7.458031373145091,6.040096684471072,7.501379535368294
526,7.277378431297554,3.6909220567664036,7.449202779414504,6.033385523322482,7.4925412254444845
527,7.275103036363341,3.6873924931333253,7.445623690452436,6.031938132309207,7.487974919944108
528,7.271671121804808,3.68434047403529,7.438584241512829,6.0301638595953735,7.484019214541331
529,7.266630764419206,3.6797296469195744,7.429967081985505,6.025748015436632,7.477700056962602
530,7.261346499292168,3.67564234848253,7.42324437732304,6.0236118704921,7.473839590178966
531,7.256162218032412,3.6720317814618935,7.4174173440496745,6.0185393327526375,7.467834921776149
532,7.248747142145383,3.6689501927641315,7.4118149776288496,6.014845872484606,7.461992500697648
533,7.2387649433659345,3.663952212573076,7.402175233113108,6.0079922010225415,7.453317214382307
534,7.234483531389452,3.660028204506489,7.396353154350124,6.0067881525848135,7.449968200005949
535,7.234982733466951,3.6566880256520062,7.391630825890371,6.006126625461638,7.444916349599496
536,7.231895983826981,3.6516001302957997,7.385056222750435,6.002580439334004,7.436482740775984
537,7.2296426642348495,3.6473594152485984,7.381106117930699,5.9975591236850905,7.431635939800024
538,7.226659197554512,3.6429648284033544,7.372651621547128,5.991539086172577,7.42573843182649
539,7.22050455350535,3.639023499261683,7.365729784378462,5.987760355414722,7.418554856788827
540,7.211578184331343,3.6337522011614367,7.356080947968531,5.980513007820787,7.409718448218508
541,7.212157226759899,3.62988935331905,7.349821853010445,5.978426483200997,7.406941857015153
542,7.211154781277274,3.626426270147715,7.345134745641746,5.976621887712117,7.404249961496198
543,7.203976371107143,3.6211600933337387,7.338370539189137,5.972689493265209,7.396459245053616
544,7.1956683321634385,3.6174897365827396,7.335223112637536,5.96963780109071,7.390558234361252
545,7.191683094324631,3.6134388842008383,7.330139907482631,5.965773888249034,7.383690212726622
546,7.183560005917576,3.6086514976217905,7.321865405640758,5.959189438434904,7.375299239647169
547,7.180287111872037,3.6052194443564742,7.318239686261773,5.9564116788902,7.3726014927124845
548,7.177220646610225,3.6022685583807914,7.311119645542253,5.952702486607872,7.36746720214824
549,7.174181826787256,3.597351062867228,7.3054013077480375,5.947157395195998,7.360169055037439
550,7.169970983458711,3.594157256227185,7.300958515939134,5.943044460174026,7.355758815018227
551,7.1653053537182565,3.5904256394673375,7.298187233284554,5.939361858355312,7.353730997907131
552,7.1599192117719035,3.586200952272957,7.291560582519464,5.935441272227225,7.3491883856353075
553,7.150544105942316,3.5813049140838285,7.282027427537876,5.9288219705964025,7.340661042007681
554,7.145523499665521,3.5773378703455956,7.278246468452053,5.9255751283509825,7.336910759013154
555,7.144775500667338,3.5731498717333863,7.272423609307561,5.923081523906175,7.332425933239037
556,7.137948570578677,3.568008879083471,7.263112555539778,5.917696914676935,7.327242606634955
557,7.135365531301259,3.564473609400889,7.255723804258919,5.91409898871964,7.320215229865256
558,7.130126209776408,3.560419661444108,7.248082096407854,5.90912875267741,7.3131068506268235
559,7.125423003577622,3.556400093383628,7.2399676590458455,5.9047204991838695,7.306109003979686
560,7.116581737819745,3.5515165819624785,7.230453240624963,5.897776795553583,7.298059943961157
561,7.114885024903812,3.5479743055795208,7.224650342554108,5.894292238357066,7.296295240029777
562,7.109169615794316,3.544418234323531,7.2209075487146475,5.892195823877832,7.29087572655487
563,7.10480295888095,3.5404765128267477,7.216241098961698,5.887125582544995,7.287534118490285
564,7.0982623578619375,3.536729879110774,7.210000004832451,5.883458400834008,7.2796514992706545
565,7.09295695333433,3.532558790345941,7.204091078629199,5.878732033070434,7.273430514412893
566,7.085271645756473,3.528185274883634,7.195547560113788,5.872474763080351,7.265542755256369
567,7.08056260106765,3.524012856756286,7.189779586827639,5.869103338814337,7.259132032181752
568,7.075417371388668,3.520777294067219,7.183378557822608,5.864488146888329,7.253467240566439
569,7.070172531318266,3.5169631900613116,7.1755364745095145,5.8591415875886375,7.246096716390584
570,7.065943512039177,3.5135432173891217,7.1718382853997085,5.85615362278025,7.2402729140809
571,7.060263667812507,3.5098943801961506,7.165713126592178,5.85129678775791,7.234910550520094
572,7.055107284721475,3.505503651301826,7.158148657951975,5.847381389114725,7.227847296163574
573,7.045917594465975,3.500676743268797,7.149257319064933,5.84158908882138,7.2195037084003575
574,7.043341080962734,3.496398376041439,7.144342696147954,5.837053253182943,7.212958653028565
575,7.042060988390404,3.4929202523230387,7.140108471349373,5.834113706290976,7.207620132982295
576,7.0373565333201675,3.488434154430513,7.13294635180246,5.829896448091319,7.200421042301036
577,7.032668887649584,3.4846068352735595,7.125267998748112,5.826010566243448,7.195291479830638
578,7.026596164974919,3.4810124227770936,7.119176055674925,5.82021441946666,7.188522663676015
579,7.02168253268281,3.4762295865358177,7.11216282547859,5.816360093325001,7.183379672020735
580,7.013655649504003,3.4715564084402533,7.103493927067131,5.809512432758671,7.1759714826706045
581,7.010365703487228,3.46805320393009,7.098665228656225,5.8070723503058215,7.172978772865619
582,7.005667631123085,3.464652654078368,7.091806558622702,5.804837119916074,7.168076222868748
583,6.998377076860823,3.460880087743578,7.084658822629702,5.800172675676796,7.160549828917797
584,6.991698235433859,3.4570696684093196,7.077770701544693,5.796514391731531,7.154155770648344
585,6.986765413642239,3.4531772698494727,7.0698574082114325,5.793730763394152,7.148006620031078
586,6.979706414243916,3.4486540929242095,7.062213033707285,5.787538533892461,7.140829199020882
587,6.9771281305521935,3.4448332895499134,7.057888761393381,5.784313343488104,7.13572598808212
588,6.972769812707679,3.4411858165282734,7.054301060263879,5.782039634934156,7.129282521384807
589,6.966366175640329,3.4367516291230245,7.047021132456346,5.777986161641812,7.123904737494179
590,6.9599345321439205,3.433600169228586,7.043622916600242,5.773170119017428,7.119070531566621
591,6.955621549520691,3.4292267023830227,7.036848759032304,5.768999032880403,7.114199483882502
592,6.94946702957384,3.4252587718445815,7.032825540949946,5.764894323670204,7.107767259663213
593,6.941326547023178,3.4207378908209454,7.024409145284108,5.759243358522896,7.099872867702552
594,6.935893054327142,3.4169921010404276,7.021752958501709,5.756555488554128,7.093780585820666
595,6.931406109889149,3.413026802169928,7.017963295331491,5.751238577320838,7.088220872249717
596,6.925729704409721,3.4092457990197076,7.010886614607644,5.746031426585357,7.080506412612387
597,6.921167527925339,3.4056545077732205,7.006562100522489,5.741452961610749,7.075061415244049
598,6.917471881365871,3.4018738943465627,7.001157636400914,5.735860923419378,7.069027305143443
599,6.9122426530325525,3.3977791569924802,6.9944938141335475,5.73111281176543,7.063901616244145
600,6.904588698704832,3.393348936134882,6.986029967716798,5.7246348742110715,7.057071628950226
601,6.900667598839693,3.389707940985051,6.9801987467796955,5.7232991433720715,7.051386685311139
602,6.895961406289934,3.3862583476127246,6.9764027276875185,5.71981549113822,7.047306792778561
603,6.891063287412017,3.382553665498893,6.969497243079449,5.715905910814619,7.04111028696072
604,6.885253593284986,3.3787147389073326,6.964433624412508,5.712696838839293,7.034211874331453
605,6.88007655623665,3.3750087708912053,6.958304696723793,5.708795186621885,7.028752975617586
606,6.872052641714134,3.370762786036243,6.95112514673049,5.703211694857102,7.021253165572849
607,6.8701401101873785,3.367098150304656,6.945786200000053,5.699648645182748,7.0159464889865015
608,6.8668168532643765,3.363653195156053,6.938350020993367,5.6949384400991425,7.010784242621296
609,6.862588574673914,3.3601719730265804,6.930982086436288,5.691741991177898,7.004862157473264
610,6.857750029000344,3.356376046591579,6.926437841526739,5.687553108373656,6.999710658873011
611,6.853975478400687,3.352570626950756,6.919253571834133,5.6824908548355975,6.99502746174639
612,6.848409762451321,3.3487013854803305,6.9120233866377765,5.678158949064526,6.989403287936546
613,6.840398351535136,3.3443818566056835,6.9037963086539405,5.672298952955238,6.9827642361305085
614,6.835564272133233,3.3405948607571605,6.897066697426112,5.666521617461111,6.976256897359461
615,6.833448287732479,3.3370114775153317,6.891097708403546,5.663803346479965,6.972414123042644
616,6.8287031571878325,3.332905543983127,6.883653622448413,5.658774702800342,6.9658306789905575
617,6.82399282612893,3.32909232911596,6.878790217657671,5.655384409476794,6.959682178029308
618,6.819041079949236,3.3253719949430534,6.872592903463152,5.65058191377325,6.954373660954053
619,6.81411713401121,3.3210482725748607,6.866174746766218,5.646629114132833,6.947765452217781
620,6.807156472487918,3.3168124334431157,6.858148549639883,5.640231247358646,6.940454962522801
621,6.80243322050014,3.3128016403663096,6.8525037148947545,5.636591160299631,6.93586786675993
622,6.798036775303938,3.3089328720660354,6.84628008861342,5.632926833757477,6.930141746658991
623,6.7925766606868,3.305196172740876,6.840245659927813,5.626866855086769,6.924843191965988
624,6.785351680009916,3.3013124914846705,6.834794818388713,5.621758252912819,6.918376417425082
625,6.781321631596447,3.2977276337319616,6.829978053238596,5.617187289163373,6.91315557355242
626,6.77419938258184,3.293535683983098,6.823048683221445,5.611903812565997,6.906384873423649
627,6.772756995288469,3.289595936468841,6.818233517677125,5.607770397369211,6.900269567821751
628,6.768606471150654,3.285969278420409,6.8106955399604585,5.604067283841705,6.895671601156147
629,6.7630153178602175,3.2823640050922203,6.804612254427939,5.598716365658738,6.88987234630056
630,6.758255172712942,3.278868026327323,6.7992506260637,5.594676277253236,6.88546156533486
631,6.754084856210135,3.2750601705042954,6.793251339784617,5.590237168622338,6.879012593920107
632,6.748029139742624,3.2712630438051944,6.786857196950763,5.585453994037561,6.872473079084667
633,6.7405319781045465,3.2669869389687376,6.778926271799699,5.580028916715202,6.864940833336743
634,6.734094829445288,3.2630997076315493,6.774021643359638,5.577811675146443,6.859313043819775
635,6.731636790834525,3.2598981426860822,6.769891372342247,5.572539260797113,6.85463670097184
636,6.7260278809266465,3.2557492102143435,6.763153745129658,5.5668035989402815,6.847131220437046
637,6.721611560183773,3.2520794985057937,6.758700708343068,5.562929974674548,6.840834461657777
638,6.716852367379361,3.2484534733117787,6.75246190772239,5.558316213237038,6.834867763303706
639,6.712078098064894,3.2445315255866376,6.745710275503367,5.5542299094475736,6.8293093191507355
640,6.705084376289633,3.2403278331579197,6.738013752200136,5.547971850997691,6.822794326356016
641,6.701423884500186,3.2365670065006324,6.733277962899601,5.544084809438067,6.8164505789021
642,6.696920940126207,3.233301673754453,6.728195461776155,5.540745648445978,6.8108223285518905
643,6.691109520027494,3.2293300438524692,6.722032455745584,5.536066336980018,6.804332891567359
644,6.684471481648601,3.2256647930881965,6.717316049642806,5.53169932569038,6.797760864578043
645,6.679725181433279,3.2221103475429858,6.711751945750298,5.527034546297849,6.792056531510842
646,6.67317117954724,3.2181496028550067,6.70435122589111,5.521894664156035,6.785532650430681
647,6.668912655000739,3.2144892160233365,6.699505695927331,5.518210481917912,6.779149479373557
648,6.663628240561872,3.211223031093242,6.693817673592081,5.51366886416864,6.774154714703377
649,6.656674198581754,3.207253920303289,6.68975386364367,5.5077536702027,6.76806378488076
650,6.650980956743629,3.2039338657054843,6.685878227781407,5.503933637915122,6.762586710333446
651,6.645392426821618,3.200064878362883,6.6789015027371,5.4982925582945406,6.756944092889193
652,6.640156517500501,3.19596082987438,6.673169993740132,5.492449743001775,6.7504418739325125
653,6.632720864392757,3.1920895623480012,6.665479537067732,5.487064817532434,6.743961003466098
654,6.62600709432967,3.1884946813264987,6.658954477715416,5.483217422566676,6.738729985847134
655,6.622044661758811,3.1847453877797047,6.6538816643606395,5.479559036772,6.734360606075771
656,6.615917912048759,3.1809344611137105,6.648537756237273,5.474470060145299,6.727751788788425
657,6.610982694336052,3.1771621533927137,6.643182329745474,5.4698246737931635,6.721762987142692
658,6.605527667348774,3.1732207062152034,6.637357459401081,5.4652049798593145,6.716487489440885
659,6.5997486759581845,3.169509426047094,6.63069225031355,5.460609154585062,6.7113098913841025
660,6.592542946721448,3.1655879351336114,6.623376710558863,5.454652885055557,6.704728844774273
661,6.5881000078493175,3.1621986546983765,6.616637374409938,5.451855437949177,6.700679605146913
662,6.583927582687938,3.1586587265644708,6.610548721140816,5.447132487071615,6.694219529730606
663,6.578011237012021,3.1550155604512775,6.604471950932198,5.441730707449301,6.687982097675339
664,6.571604927895138,3.151346970099811,6.598423927140949,5.438157655792404,6.682091822783241
665,6.56631676206761,3.1479673506213035,6.592538752445692,5.433784240569117,6.676753183863041
666,6.55927595050219,3.144143474141393,6.585458334637687,5.428396860485707,6.670432462974922
667,6.555345113064651,3.1405491349938113,6.580835950979555,5.422861028319009,6.666462222421073
668,6.548681839944814,3.136998162624404,6.576513332151329,5.418252694838022,6.660470017963937
669,6.544386273153261,3.133098475835354,6.571228511306529,5.413063124160205,6.654826878090782
670,6.539001741771403,3.1298113268072565,6.566189879508559,5.408924991229804,6.649617353336472
671,6.53278123924543,3.125953760967561,6.55975884783721,5.404233372466308,6.643801634607623
672,6.527301545010194,3.1223262171957145,6.553158428827575,5.398765354270195,6.63831953463576
673,6.520049502563505,3.1184269956649917,6.545976840414174,5.393133593308116,6.631798927768851
674,6.515515033379959,3.1147771808686375,6.540522022459387,5.387777673747973,6.626710767724445
675,6.509211347059051,3.1110979239232317,6.535824678270639,5.382995296716883,6.622191071006696
676,6.503767952659103,3.107398852187467,6.530295294399168,5.377442765816126,6.615469835468396
677,6.499143952681535,3.1038292054825742,6.5244689978451795,5.372815576337441,6.609734869926266
678,6.494210215680319,3.100201140542494,6.518264033019822,5.36757546343283,6.603044965388327
679,6.49007563669204,3.096171857301094,6.511455119251329,5.363514141812903,6.5971586095496395
680,6.483225981129021,3.0923130628047732,6.50408235728553,5.357749719514749,6.590856537301659
681,6.478195651698529,3.0889235994946787,6.4991499402000885,5.353689732408828,6.584613725749183
682,6.472490728711691,3.0854238743709046,6.494401551556614,5.350078640491291,6.579073450431166
683,6.466382451666356,3.0818495971313427,6.487838361002841,5.344924119986522,6.573061927271881
684,6.460737711979446,3.078151313832114,6.4828896246018095,5.341145688075997,6.567047177038191
685,6.455326060791637,3.074321904514245,6.477613806208486,5.336132055046075,6.562270099677043
686,6.448537448640144,3.0706207745376597,6.470921718298988,5.331023798587181,6.555930916885696
687,6.443610401053846,3.0670604612922516,6.466065621502547,5.326924894537216,6.550733502082507
688,6.438660402512618,3.063886013932315,6.459076435974972,5.322466011538217,6.5460735274286215
689,6.433349761276294,3.0601100039892626,6.452899932843767,5.317755558737153,6.53962832042495
690,6.428180804270214,3.057135320007923,6.447923983747239,5.314103306830958,6.535292342958293
691,6.422422866934852,3.0533468288418657,6.441670258423932,5.30907705910178,6.528682136170881
692,6.417403645839216,3.049656669721745,6.435100665281577,5.304293489712139,6.52339654182914
693,6.410456261676055,3.0459079908289883,6.4281945138271,5.299577756091263,6.517082902114287
694,6.405543596648605,3.042252723462076,6.422146396172207,5.29495315111188,6.511661204225073
695,6.401302827454461,3.0388458750998044,6.417133624265395,5.2897016539396615,6.506869743651085
696,6.396114488155152,3.035014321275408,6.411136969817297,5.284364337863968,6.500867687287361
697,6.392276695240406,3.0315343512000754,6.405223293073618,5.279871196746896,6.495745692196781
698,6.387922235503593,3.028127035740905,6.39982786356118,5.275796486024016,6.489523653489595
699,6.3830345476028265,3.024642191060996,6.394380422821318,5.271477651897503,6.483955466613641
700,6.376908263775838,3.0207931497166975,6.387281169309225,5.26586224713335,6.4778937329215545
701,6.374477873308158,3.0172604540434316,6.381297080742696,5.262103373021615,6.473239059444182
702,6.3698034787919156,3.0139232714925885,6.376151558101059,5.257431096503122,6.4671494352342345
703,6.364396817154395,3.01048494144637,6.370987470097826,5.252424840753826,6.461095865006565
704,6.359229023582782,3.00678900932642,6.3649743287495895,5.248176146674364,6.454688045056095
705,6.354369819579106,3.0030557068385764,6.35944990950732,5.243181605910138,6.449027033221347
706,6.347821835337648,2.9993801278621834,6.352858021583508,5.238105407548373,6.443113800881994
707,6.343460281292972,2.995817519042091,6.346281383260453,5.233855921996853,6.437227461847968
708,6.338972606765363,2.992308859677392,6.340852627573558,5.229631465501557,6.431918236574577
709,6.332543054016054,2.988751888242538,6.334885403595462,5.224646857415197,6.426285703665128
710,6.327810100737773,2.9855827122765017,6.3297996161925765,5.220077758611671,6.4204371495969355
711,6.322587763039515,2.9819908336584735,6.322924378568069,5.2147518173861105,6.414221377208219
712,6.317716072238655,2.9783354326072535,6.316763852080547,5.209616910251199,6.408679095169192
713,6.31134984903567,2.9747605060570783,6.310130722438456,5.204917633642272,6.402740461766637
714,6.306260438243116,2.9711397231621057,6.304826258888513,5.200012037229788,6.397084797518287
715,6.301076434216264,2.967944076003567,6.2996124405546,5.195836133184877,6.392343220776455
716,6.296132141836913,2.964405652842024,6.292775749857367,5.190899838951219,6.386644085088571
717,6.292401143518191,2.960843990809699,6.287004526389058,5.1854503085055,6.38084220785012
718,6.2872419984101935,2.957314862453445,6.282047552829943,5.181342853258682,6.375229380508217
719,6.28214844201647,2.9537624576914023,6.275826705855156,5.176685254447573,6.369786902020524
720,6.275489305935866,2.9500443170666526,6.269130120149962,5.171424009925507,6.36335309947814
721,6.272392920518448,2.9467305531586114,6.263327074144822,5.16824916278272,6.358611230425913
722,6.2674172167818,2.9434112276492477,6.258241512218642,5.163513336992241,6.353403678809623
723,6.262580808497589,2.939941470048581,6.2529179488764175,5.158392903595433,6.34792994743781
724,6.256610644597204,2.936446621930667,6.247800089527477,5.153841596452355,6.341982379299134
725,6.251372448628037,2.9329637203748815,6.242664948034416,5.149136967880884,6.336576169068594
726,6.2452933111559465,2.929463997621051,6.236283573932511,5.144544829817311,6.330281280403167
727,6.239784915507132,2.9260817758400566,6.230953894911562,5.140201171176231,6.325704537770293
728,6.23487269304738,2.9225544878547813,6.225683099721342,5.135859861433099,6.320119833889027
729,6.22968060804106,2.919081817924369,6.218941238805147,5.130921022876178,6.314498724646709
730,6.22488909197058,2.9158570766768825,6.213938694123783,5.126805456102087,6.309474929674769
731,6.2186727690470756,2.9124082750314226,6.208462460155141,5.1218413976174535,6.3039872750721155
732,6.2132601027667205,2.9089178908061735,6.202746890419668,5.11710083389288,6.298203961106919
733,6.206890500007048,2.9054269704674356,6.196063955471949,5.1122618167746925,6.291956323910311
734,6.201003321119342,2.9020487854058765,6.190691849756269,5.107374497829684,6.285902058708074
735,6.19643090867831,2.898768357027162,6.18599602355212,5.103236620967067,6.281142886600386
736,6.191230169576662,2.8953508553748524,6.179874043959124,5.09811517260351,6.275662604258505
737,6.186910402844344,2.8918099557976404,6.173950817246591,5.09271459966678,6.269942418178804
738,6.181795642333203,2.888522486245191,6.168402814969298,5.088627975000888,6.264425456068336
739,6.177044945159231,2.8852221238479556,6.162413539569807,5.0839995285471415,6.2580099971739
740,6.17118468839015,2.881625379097125,6.155697444740543,5.078732832813819,6.252286716846358
741,6.16696385003708,2.8782935695849443,6.150016566738793,5.075228421651585,6.246465716936841
742,6.1618058009920125,2.874913057161902,6.144529727919915,5.0706096020478,6.241029141264649
743,6.155890450615528,2.871591528645426,6.139243850065897,5.06541019595711,6.2358112463160635
744,6.1507607987960125,2.8682335440872073,6.133220291065045,5.0609426114832825,6.229897002926151
745,6.145416413211241,2.8648628346580995,6.127376162352269,5.055933233078215,6.2241484858270955
746,6.139463693314964,2.861419983193064,6.121216436337127,5.050965907073809,6.2181855389246
747,6.135103128153039,2.858188973019909,6.1164856094203595,5.04670875223621,6.212190361479149
748,6.12998050857308,2.8547054880024083,6.110911991684606,5.042064836692359,6.206474877241065
749,6.124690677671861,2.8513653174931117,6.105195509989906,5.037216452967005,6.20113965855203
750,6.119402635956173,2.848385766366102,6.100528878215525,5.033167056132264,6.196132284002339
751,6.1149081916490315,2.845007014307586,6.094709175486544,5.028266673967835,6.1901611973111885
752,6.109952922981767,2.8416660187603537,6.089192489046771,5.023461867857412,6.18531096749555
753,6.10398643490774,2.8382782885229183,6.082768681340714,5.018659365338898,6.179378096298695
754,6.099469667523893,2.8350283920795993,6.077523732976095,5.013367692184316,6.1744577306240025
755,6.094661958498327,2.8318025839492247,6.073151720430041,5.008814590379352,6.168994080209362
756,6.0894466475497495,2.8284671422644023,6.06727283848985,5.003930640221604,6.163071638338733
757,6.084598209028233,2.8250792151568302,6.062004534075158,4.998911676279535,6.157077705215744
758,6.07978318225075,2.8218277292667993,6.057080507657052,4.994567165158732,6.151759296129329
759,6.074565715250693,2.8184960119822664,6.051225469834368,4.989828800896405,6.145708375003529
760,6.068486626671236,2.815127348566824,6.044886619473634,4.9847887314470904,6.139445213729431
761,6.064167466730829,2.812040958288024,6.039412032688477,4.980555458648479,6.134156171290439
762,6.059117941721752,2.808851300756434,6.0340311858939755,4.976137502651474,6.129260596892043
763,6.053820049880885,2.805636406970062,6.029118556141293,4.97151690046882,6.123980044943804
764,6.048486848613858,2.802462533179115,6.023607404247497,4.967357643899617,6.118446549985529
765,6.043342749823285,2.799210273247516,6.018188101004427,4.962562352858574,6.113532448031513
766,6.037559748447511,2.795941610900887,6.012087261747461,4.957689118966569,6.1077610371561875
767,6.032251082231987,2.7927124310227662,6.0065313941779666,4.953186468890997,6.1031373382330365
768,6.028140711486177,2.7895145685476344,6.001577992157424,4.948536124149052,6.097657042906468
769,6.023158445366324,2.7862277643137645,5.996053632758497,4.943987615751179,6.09222815709625
770,6.018444448511356,2.783179658191279,5.9913167916845,4.939960220273081,6.0873026139991815
771,6.013436250949141,2.7798353178190576,5.985818171003079,4.935152976793004,6.081763698093605
772,6.007898369525274,2.776536576861029,5.980421270169123,4.930172510894599,6.076545681366687
773,6.0018544136519,2.7732609581409116,5.974361205676492,4.925676553699761,6.071157331319391
774,5.997457782765614,2.770150270309701,5.968789603513916,4.921049818381246,6.0660195683106455
775,5.993156159792341,2.7669999275654673,5.963533899903524,4.917283213866737,6.060974818961717
776,5.988029181901724,2.7637737544582577,5.957929073404739,4.9126630609467385,6.055404948169537
777,5.982987059111771,2.760517083104073,5.952341104167297,4.908136983230264,6.050113565752159
778,5.977474150201839,2.7574108605388976,5.946717180027738,4.904158440581983,6.044551044511464
779,5.973002509182168,2.754144389350567,5.940753635509023,4.89989731614635,6.039035556669198
780,5.967252121983205,2.750880526979105,5.934703576913834,4.894992616287242,6.03371440961704
781,5.962663512886326,2.7477469856534364,5.929256197215989,4.891569306443426,6.028270164600384
782,5.958530492127544,2.744711062730508,5.924177948272424,4.88765363079062,6.023102431117377
783,5.953049144694581,2.7416194127212097,5.919139495367629,4.883718538560334,6.01760902796829
784,5.947475027460052,2.7384754736669144,5.9136309149654105,4.879509155041068,6.012165882412057
785,5.942738327462611,2.7352233947838425,5.908502790233785,4.875236156511492,6.006994167179508
786,5.937142139590832,2.7321255424129762,5.902598408037723,4.871058018136777,6.0017980131874715
787,5.932557962151059,2.728964145166177,5.896733343024326,4.867021657226524,5.996616737183093
788,5.9286272874609285,2.7258273529309776,5.890845323996778,4.8635298089301155,5.991561554915646
789,5.923441192585834,2.72260294154911,5.88534179358933,4.859566057749558,5.985965278626272
790,5.918393452902346,2.7196645398043002,5.880969814643009,4.856198341622263,5.981119829170893
791,5.91325115471134,2.716474374870354,5.875093386837617,4.852119628377892,5.975742045639227
792,5.908917576481727,2.7133628140530957,5.869274083759962,4.8476742221946685,5.970269290448395
793,5.903243759602546,2.7101796125185524,5.863278184977256,4.843568640329026,5.964388472123194
794,5.8982918807259725,2.707150622228577,5.858094606724681,4.840018368270003,5.959167524188493
795,5.893799133877756,2.704124372959708,5.852596434655464,4.836598047429755,5.9543219504639735
796,5.888845179635637,2.7009988413864185,5.846499796123886,4.832118896296841,5.9485747030808245
797,5.883915345200844,2.6977957181776078,5.840990680407806,4.827962554630232,5.943360280379279
798,5.878537026774846,2.6948084233964624,5.835760005091856,4.824612510751626,5.938365709887468
799,5.873470557546553,2.6917004205506814,5.829877504154474,4.820678135762868,5.933401162193215
800,5.8678900180364515,2.6885416773799284,5.8236526524857695,4.816189624398681,5.928073124920984
801,5.862840561791503,2.685582743497867,5.818424512772592,4.812468096152544,5.922797197909195
802,5.8581337909412925,2.6826826080520556,5.812970496674454,4.8088016678484635,5.9172851695969
803,5.852896699346818,2.679620537640568,5.807783244622329,4.804570177462096,5.912104238823731
804,5.8477112670613,2.6765425390516837,5.802167413629058,4.80085693352806,5.906670611746404
805,5.84260664355532,2.6734853211923815,5.796399558849063,4.79680854549255,5.901491276764242
806,5.837044104534263,2.6705086823137676,5.790555842783666,4.792799002079221,5.895954066012222
807,5.832743271990568,2.6674186214169935,5.78472517458238,4.788904068084241,5.890431844266922
808,5.8280519663506904,2.6643539157726335,5.779308837313232,4.785146612026971,5.885161137809015
809,5.822631500031997,2.6612919066253085,5.774086296881202,4.7813700915741,5.879972308318169
810,5.817769492841684,2.6583986034326053,5.769783589339046,4.777424037602414,5.875238668594423
811,5.812683821947036,2.6553867871077568,5.764318685852256,4.77327436588755,5.869306850692372
812,5.80787602741388,2.6523166299021463,5.758821619674317,4.769522557745913,5.864306492054583
813,5.802179970828573,2.6492560773147167,5.752944765999975,4.765899591345375,5.859102357937055
814,5.796769606628446,2.6462640810466365,5.747447706015981,4.761600772305686,5.853385093319335
815,5.79208272028254,2.6432240576238057,5.742085769942333,4.757992994931406,5.84867416971356
816,5.78727166901701,2.6401992187203693,5.7363030428630255,4.754116920310853,5.843135849597602
817,5.782262676088775,2.637162441868734,5.730357631819167,4.750334631061169,5.837840998107195
818,5.776993715495843,2.634284731761511,5.7246864867120975,4.7464364711606155,5.8326875185393705
819,5.77193612035849,2.631279669692024,5.71916884168141,4.742913317473323,5.827705656451659
820,5.766498694282129,2.6282346956811637,5.713324546011226,4.738347040810368,5.8223418041061095
821,5.7619579618873,2.6254592597505004,5.707812257365854,4.734543074570024,5.816665816468208
822,5.756915941392358,2.622573118619958,5.703118712147308,4.731244401776647,5.811683983313423
823,5.752018874458262,2.619660278648311,5.697908777964862,4.727387377325704,5.806728261735273
824,5.746771520265909,2.6166737744865864,5.692604882133883,4.723749748915203,5.801718462950261
825,5.741679411439313,2.613773551445035,5.687206961420493,4.719805102750015,5.7969099563443605
826,5.736387378636041,2.6108497867904212,5.681382996178811,4.715720618444512,5.791633136367133
827,5.73208929772372,2.6079659338438064,5.675706127424691,4.711565036436119,5.786659123433761
828,5.727230807421318,2.6050292395149386,5.670287438301478,4.707811866832813,5.7815753683209765
829,5.722199645673661,2.6020965299146894,5.6649905440208235,4.7039214467272705,5.7764444060304365
830,5.717613876493892,2.5992521236209702,5.660665359191096,4.700206131993955,5.771648685976554
831,5.712437875301285,2.5963454167174507,5.655496915341148,4.696303490696899,5.766376523552277
832,5.7077408447654046,2.5934366994502698,5.650008907876152,4.692344998471437,5.7614072420502085
833,5.702096236711403,2.5905062632666573,5.644445318380551,4.688562380086038,5.755806007320057
834,5.696899899686763,2.5876597413705875,5.63869099379984,4.684564661687577,5.750342599098361
835,5.692123455739412,2.5847508400445496,5.633236807688044,4.680924089221691,5.745309649544699
836,5.687116518668515,2.5818384782846455,5.62756592793752,4.67690640534209,5.739742062637067
837,5.682015771745636,2.5789068129952093,5.621807952747869,4.672881136848375,5.734144577083561
838,5.67702108971957,2.576119640292394,5.616628412427211,4.6694655152069116,5.7287938044350835
839,5.672225804773354,2.5733238643024534,5.611200920897142,4.665513603442099,5.723826406503441
840,5.666888219300138,2.570417976918492,5.605429146797165,4.660875397050724,5.718686957922122
841,5.661594125479067,2.5676663185598656,5.5997631231217575,4.657273237214655,5.713506269644427
842,5.657437616080173,2.564902758446361,5.594747425874003,4.65378140693088,5.70865062525788
843,5.652513989047442,2.562039896197071,5.589410659414279,4.649781296715421,5.703734709607098
844,5.64735957764108,2.5591525075957953,5.584298959632781,4.6462938364552775,5.69878498351938
845,5.6422844585702565,2.556325992901639,5.578822922022976,4.642623251762595,5.693675997412161
846,5.636950802979855,2.553473647220364,5.57316468202142,4.638838400923532,5.688870340959045
847,5.632407911841706,2.550692498816875,5.5676523989218065,4.634931413126083,5.683774946330583
848,5.628125353371515,2.547844529160944,5.5623429402182465,4.631166417160413,5.678947553218627
849,5.623029436792444,2.5450365406846944,5.5566336816892115,4.6272604312386045,5.673898357647734
850,5.618467765983263,2.5422625856833747,5.5519435612978345,4.623349910788277,5.669157871747133
851,5.613631452982486,2.539414496059009,5.546768422390712,4.619358284885831,5.664009834689722
852,5.608776293517314,2.536587001134542,5.541343560970357,4.615347807289907,5.658802806148886
853,5.603498176548324,2.5337658461245325,5.535780022352622,4.61142612026201,5.653309974902618
854,5.598498789368766,2.531049663732448,5.530605696971132,4.6074851948292075,5.648150977012041
855,5.5942685314784635,2.5282274933152524,5.525195759222676,4.603336020918811,5.643372335824074
856,5.5892407092151775,2.5254392828565635,5.519983967265825,4.599222526483106,5.638203517559148
857,5.584313462304357,2.5226212481040573,5.514535719393441,4.595238517934138,5.633168087305705
858,5.579393805841161,2.5199001017359426,5.509375060524799,4.5916193858890075,5.627786289601173
859,5.574579090421145,2.517094468534965,5.503731435536389,4.587800002604621,5.6227375514093785
860,5.5693609283403065,2.5143088516813803,5.498131256333532,4.583620875240637,5.617709672082298
861,5.564334155746205,2.5116403253503408,5.4929924680847435,4.580127362714917,5.612573311152649
862,5.56010005120913,2.5089121714329616,5.488058088360616,4.576514701731275,5.607540103407984
863,5.555215748941081,2.506171219631787,5.48272023172642,4.572663618857384,5.6024905194069685
864,5.5505199070565165,2.5034386096947845,5.477435998339646,4.568685201644026,5.597308060991542
865,5.5459941428159425,2.5006911400392875,5.472208126934171,4.56456153232778,5.592338326492334
866,5.540937977810828,2.497970089568216,5.466693734662135,4.56081579882944,5.587417170457187
867,5.536014862237595,2.4952944077846295,5.461238967889812,4.556967266205925,5.582411816021414
868,5.531535865251853,2.492547980066117,5.456048796332533,4.552928309869968,5.5775067314649815
869,5.526347464686559,2.489805332431383,5.450753794686729,4.549130367715682,5.572339767314353
870,5.521660698722384,2.487159836418354,5.445714364797972,4.54562818429705,5.567614328098967
871,5.51645916346275,2.484456271225071,5.440203527680451,4.541563223408429,5.562540353445615
872,5.511338950816802,2.481750380855051,5.434798292975084,4.537557799234319,5.5575515376471
873,5.506354411783793,2.4790497466582946,5.429488607288283,4.533742709202198,5.552156700282115
874,5.501427098362461,2.4764152354663276,5.424149125378714,4.529995887226934,5.547125025763644
875,5.496776032119018,2.4737440385467706,5.4191095940424745,4.526252654083972,5.542200945722143
876,5.491833800860978,2.471088355275889,5.413773787489594,4.5221549806533,5.536914162641804
877,5.486773836229643,2.468371396488931,5.408356911222924,4.518153095638019,5.5317649258791555
878,5.481556012194929,2.4657647198689863,5.403040742022474,4.5142853397613845,5.526926637337299
879,5.476954273415028,2.4631229577374714,5.397708302130755,4.510169679061519,5.522058678267335
880,5.471771291308622,2.4604155397984773,5.392348236655354,4.505955525171136,5.517047606049146
881,5.466729939628567,2.457887478336424,5.387085174154807,4.502107073591194,5.512002903485847
882,5.462086808014365,2.4552751847573155,5.381922425066987,4.498663092265536,5.507192070545777
883,5.45743777724056,2.4526763233142637,5.376814184323477,4.494722334793114,5.50244436794475
884,5.452416719194799,2.450031258984142,5.37167999258321,4.491181696677859,5.497320576017373
885,5.447581530545262,2.447355826384775,5.366495359980352,4.487327144047582,5.492131025741686
886,5.442622502527643,2.4447483495459434,5.3611245168600306,4.4832790049817435,5.4869625772460395
887,5.4381107266574595,2.4421917621474027,5.356104277322753,4.4795527511442605,5.481892367466226
888,5.433630257886265,2.4395774033822812,5.350878722639589,4.475763267191838,5.477004081248511
889,5.42856928488917,2.436908907162278,5.345796874007034,4.471913588394257,5.472103448023501
890,5.423845092976771,2.4344281886361627,5.340795195493072,4.468279612622577,5.467404714860509
891,5.41884581380376,2.431820440616638,5.335661857671236,4.464325938459965,5.462341655135967
892,5.4139205468805836,2.4291904859554765,5.330413460947158,4.460460061151188,5.457330037217911
893,5.4087692090413935,2.4265497642603995,5.3251340001915946,4.457038846718287,5.452162666834965
894,5.404229525385719,2.4240583987947195,5.319825361818447,4.453022920775343,5.447114508359751
895,5.3996264705418895,2.421472650347914,5.314712841185106,4.44903813883494,5.4421997866936085
896,5.39486574809339,2.4189151078307685,5.309668507960079,4.445141512921549,5.437302839805677
897,5.38984496474534,2.416296089611442,5.304369116025449,4.441290993767181,5.432237247438778
898,5.385134698913632,2.4137746337518258,5.299112227387349,4.437621801305609,5.427377459126736
899,5.380543365359985,2.4111838840583224,5.293990019166958,4.433941680306474,5.422514200339639
900,5.375702596256839,2.4086344912890074,5.288707177067913,4.429936092881505,5.417314742172225
901,5.3709865364485125,2.406199498909594,5.283601266158576,4.426362638190043,5.412672028471121
902,5.366425816150487,2.4036797885962695,5.278644997761252,4.4226960950778205,5.407948088490762
903,5.361600841858741,2.401164239463684,5.2735983771395905,4.418806394650561,5.403068049331607
904,5.356666150419761,2.3986007205386826,5.2685124268992425,4.415297355704877,5.398194839500983
905,5.352079134468377,2.396052606968435,5.2633604743461015,4.411450978897573,5.393049939865995
906,5.347166091006962,2.3935187605205512,5.258187273576562,4.407679867387267,5.388089873277961
907,5.3422526809425825,2.391038843704855,5.253257987868446,4.4040147752754555,5.383314486661305
908,5.337663273658369,2.3885041392226145,5.248210550779576,4.400225481420273,5.378473487386111
909,5.332764665140279,2.385964059667214,5.2430046748452535,4.396629630941603,5.373624698136498
910,5.327977658049059,2.3834900806360517,5.238146825281783,4.392885849572027,5.369008753875044
911,5.322973735875815,2.380952178929781,5.233152493628158,4.389013382335204,5.364173984840657
912,5.318290953614141,2.378470049776223,5.227921031470737,4.3852390970200315,5.359468666097953
913,5.313409593061777,2.375966990818271,5.222756007278175,4.381532516548888,5.354694497482698
914,5.308489290578649,2.3735705526358406,5.217632232633929,4.377773915504552,5.349726915665436
915,5.303765961103136,2.371105019749132,5.212567225331686,4.374089266010163,5.34504933262104
916,5.2989961672391885,2.3686006224937732,5.207535326726374,4.370190696779048,5.340154905843497
917,5.294172215490724,2.36610625747484,5.202431852248172,4.366274010323691,5.3352914003841825
918,5.289657169037999,2.363702199759287,5.197399201275175,4.363043198934747,5.330552294640357
919,5.284805400645775,2.361225874061083,5.192361728019205,4.359215733692573,5.325651914387056
920,5.27978070969347,2.358750737419136,5.187193382121868,4.355176995783583,5.320747435537344
921,5.275277118693191,2.3563646800547144,5.18218950581236,4.351770285014314,5.3159281331475725
922,5.27121742763149,2.3539670258580623,5.177419826745375,4.348262854116241,5.3114917751314765
923,5.266579475465753,2.351596715547791,5.172499426407529,4.344642551779421,5.306875704283963
924,5.262007448994409,2.3491711690126706,5.167583030900832,4.34077412779513,5.302194099142213
925,5.257325818416891,2.3467099346168343,5.162659341301308,4.336849580742721,5.297455111620166
926,5.252578566299697,2.3442947476138833,5.157586156461674,4.333025430400574,5.292558469880024
927,5.248082488617441,2.341908947029838,5.152743140298348,4.3294158175340485,5.28781640466131
928,5.2436383119705505,2.3394564696554543,5.147787424368928,4.3255552378902795,5.283129779906749
929,5.239044649271124,2.337011750077177,5.142793458889754,4.321846789809969,5.2782569087947095
930,5.234638679424915,2.334628238730844,5.1380940368738335,4.318231080363458,5.273700707402116
931,5.229917800773013,2.3321997489080366,5.133197396127994,4.314538852341794,5.268923908079906
932,5.225304374719908,2.3297891534567956,5.128193776468028,4.310798643420254,5.2641568837013875
933,5.220466730952389,2.32733934513785,5.123176499932695,4.307391210175278,5.259442093472499
934,5.215982830565575,2.325035220218691,5.118161239344094,4.303473748583663,5.254670819044338
935,5.211196184826564,2.3226121041278462,5.113387756285749,4.2998809633325346,5.249986765042507
936,5.206569929397199,2.320237741271709,5.1083618487572675,4.29607647537589,5.245283959279201
937,5.201789353182966,2.3178553019702983,5.103335305259845,4.292423032465998,5.240379309912413
938,5.197168506619292,2.315490104227565,5.098537158668772,4.289240421336378,5.235621054863123
939,5.192624253211368,2.3131401736996677,5.0937274641450445,4.285514892962584,5.23097234337311
940,5.187777685897043,2.310736521213687,5.0887166365459775,4.28160120709747,5.226202053720305
941,5.183283214490627,2.308424984435465,5.083762550771726,4.2780626474548695,5.221572663310797
942,5.179004034720949,2.306120269904179,5.078915075148192,4.274622519090417,5.217076958024525
943,5.174483677600811,2.3038272213476416,5.074113759983355,4.270912889527391,5.212524298841919
944,5.169906394714125,2.3014721179037396,5.069310604774091,4.2673046443664875,5.2077559221078635
945,5.165177903902165,2.29909672632077,5.064456176070168,4.263555498892715,5.203088702677699
946,5.160458758981617,2.296784782005116,5.0596083905379885,4.259857951914756,5.198405031787568
947,5.156191474020387,2.294507382300436,5.054991086298686,4.2561524864719225,5.193889036863449
948,5.1517025696837555,2.292151614045066,5.050188401837645,4.252491208897287,5.189166439053459
949,5.1469522526660105,2.2898233516885615,5.045346266380171,4.248996546317583,5.184477115495043
950,5.142463576844649,2.287525055650181,5.040652109248414,4.245410821554104,5.180070395201422
951,5.137895172586419,2.28516874835754,5.035799618806779,4.241815634346276,5.175646890393659
952,5.133150998522707,2.2828871276747176,5.030926295728673,4.238019129763484,5.1709620402670184
953,5.128438777422588,2.2805585219900895,5.026037868942061,4.234782433022576,5.1664583540648605
954,5.124136375543159,2.2782895752583214,5.021310508430415,4.2311199621077735,5.161714374080787
955,5.119579909719716,2.275990036395887,5.016561563931401,4.227526492456046,5.157222893983265
956,5.115047577878363,2.273692148721812,5.01172701491742,4.223767193970579,5.1524969376923195
957,5.1101983962848,2.271397131334651,5.006827626592159,4.220118417885908,5.147658047104176
958,5.105689033089311,2.2692257511550813,5.002055458855381,4.216780384819696,5.143245684551916
959,5.101170750773961,2.2669265367626905,4.997291649477527,4.213292438629907,5.138676430231595
960,5.096442681622101,2.264650858296696,4.992460601983493,4.20958745966375,5.134110910835823
961,5.092085299339677,2.262406797329149,4.987685976683142,4.2061360442395825,5.129597867957047
962,5.087698693090527,2.2601899849241365,4.9830684012587785,4.202708501445855,5.125429983882634
963,5.083431584752733,2.2580197723168625,4.978311255424556,4.199340574029816,5.121071255568977
964,5.078781393739071,2.255739270101451,4.97364918886768,4.195973894838094,5.116646496443527
965,5.07424688312301,2.2534857924557707,4.968853917315867,4.1922897145529285,5.112058082872862
966,5.069772964786053,2.2512322605901955,4.964207554421886,4.1888149040033085,5.1074938668753065
967,5.065412783125512,2.249067704993134,4.959636496493421,4.1852789604613365,5.102900043637618
968,5.061127638741074,2.2468021053759815,4.9549747986278785,4.18161173367211,5.09832574890229
969,5.056556775332366,2.2445622907184046,4.950267274092658,4.178158207139049,5.093866667717454
970,5.052150138345425,2.2423339114323246,4.945701766055711,4.174716285047532,5.089504322747453
971,5.04753424280269,2.240097073311563,4.940939333796933,4.171227599804831,5.084947179820612
972,5.043282904627478,2.237866042688154,4.93628075318496,4.1677943938624695,5.080503218097971
973,5.0387191941663705,2.2356509553055837,4.931555456263525,4.164470058525319,5.0759895144847125
974,5.034303613001447,2.2334984854643016,4.926958315019326,4.160886752248701,5.071405196376982
975,5.029820571115249,2.231270022155279,4.922339035882905,4.1572558580703,5.066903407555462
976,5.025290530665602,2.2290556955559775,4.917683220879269,4.153764870739056,5.062269214688806
977,5.020855062404842,2.226880467883352,4.912952552557928,4.1499879883352655,5.057717514051273
978,5.0164195522871,2.2246933919802916,4.908371218176129,4.146485352702049,5.053300105807073
979,5.012058360750333,2.2224768615349584,4.90374719055872,4.14310013084798,5.048710447549807
980,5.007473872701243,2.220292816231038,4.899106959669602,4.139447656757536,5.044123187621335
981,5.003257114035182,2.2181854421238603,4.894477194090165,4.13623321203332,5.039685651181869
982,4.999001731488942,2.216022504209117,4.890039937821096,4.1328125601468555,5.035491010029707
983,4.994740109651164,2.2138770338706935,4.885449103095679,4.129418659714965,5.031129169817145
984,4.990312150368125,2.211707302744205,4.880842382927708,4.126021853856037,5.026665391435521
985,4.985862579278063,2.2095397546405398,4.876155075047471,4.122527429308953,5.022178642575359
986,4.981518034178035,2.2073985394260256,4.871566879721002,4.118989447670117,5.0177221702873105
987,4.977096966404426,2.205271416973402,4.867156057381312,4.115579055845717,5.013258025437835
988,4.972838949852533,2.20311643592239,4.862621824899547,4.1119357297879535,5.008751837101161
989,4.968306092095801,2.200960326423161,4.858127091797806,4.108581963622911,5.004370338891354
990,4.9638794659146654,2.1988363324041824,4.853614465057948,4.105054074629607,5.000158932993386
991,4.959329011872111,2.196676462699244,4.849021832167539,4.101575692438463,4.995734254551036
992,4.9550387443858686,2.1945734111115858,4.8444509047017545,4.097914132997551,4.991382627756623
993,4.950650740433936,2.1923909375176387,4.839896049368507,4.094651370416229,4.986897420826038
994,4.9461809046118335,2.1903061888263236,4.835434890579771,4.091172340223519,4.982376435668901
995,4.94205140870191,2.188169971327137,4.830926822899828,4.087645311211954,4.9779698082536745
996,4.93777503167955,2.1860668481574606,4.826399319506821,4.084162883021766,4.9735443279369305
997,4.933392853142075,2.1839376878371413,4.821851363094283,4.0807002168112945,4.969062648541407
998,4.929057787597853,2.181837515103368,4.81743778391644,4.07752111441184,4.964808119677615
999,4.924632526733269,2.1797308668272657,4.812903882582293,4.074097771502861,4.960611213002336
